"student.ID","random.ID"
21300001,"7cbcrd0E"
21300002,"fVhXHvIp"
21300003,"HGBEJI92"
21300004,"DoWup2SG"
21300005,"IVBlCGzo"
21300006,"YeJcKVfU"
21300007,"Fl4JiV9V"
21300008,"UkAqr2J0"
21300009,"EhJV3Z7t"
21300010,"0m5WN4Jf"
21300011,"vT8XCtOJ"
21300012,"9tAt886V"
21300013,"I1Jk2ZHC"
21300014,"8K98R2i6"
21300015,"w7DuwH7n"
21300016,"kuzwUHFV"
21300017,"UJxd7QuT"
21300018,"ubdrVyKT"
21300019,"McjZyZRE"
21300020,"5qEzbzNY"
21300021,"QZQD5dQ4"
21300022,"nKkahQLl"
21300023,"QY7ITLb4"
21300024,"x1qdJkdz"
21300025,"7soopjyd"
21300026,"eWJlWjJP"
21300027,"CzZHBkZv"
21300028,"dhTqQ1GK"
21300029,"8UnKVUnZ"
21300030,"6oZDkJUz"
21300031,"QFDgyTlZ"
21300032,"xnWaGH4Y"
21300033,"G0aWq1bG"
21300034,"76k03kMl"
21300035,"Nn1VoXGL"
21300036,"MQumjHSH"
21300037,"hoePxFbk"
21300038,"h7dJLyXR"
21300039,"wSBzYlug"
21300040,"PP9CBPLp"
21300041,"CrO9LMQB"
21300042,"evjsxCTN"
21300043,"N1vPxGWy"
21300044,"MJ2fv2Ck"
21300045,"8hzwajUl"
21300046,"0YSKpyeE"
21300047,"oiyGsUIO"
21300048,"l6QeIC06"
21300049,"D7gBzwgj"
21300050,"jeAvZX1M"
21300051,"gPkmZBl5"
21300052,"cPmoxDrP"
21300053,"Vm8PfuL6"
21300054,"vC3QLHfm"
21300055,"RvGeNvja"
21300056,"oskVzYsd"
21300057,"c2Fmzxkg"
21300058,"FbZ3NtOW"
21300059,"ABXOcZ8H"
21300060,"0xOyVSi8"
21300061,"WYeN84lh"
21300062,"l9bluJeK"
21300063,"b5bafnr3"
21300064,"fqkp7nMw"
21300065,"va6mb5eK"
21300066,"pFMvYo22"
21300067,"dEFcPn7z"
21300068,"eekVNbxD"
21300069,"kQpsyuFD"
21300070,"nApyU2cp"
21300071,"9zgrErnb"
21300072,"C3cnCfON"
21300073,"3QYop0ZI"
21300074,"2MGywcxs"
21300075,"7aMfdhc7"
21300076,"HAAYQOqC"
21300077,"VOGnJ4wN"
21300078,"KfmUv3fp"
21300079,"KvUwJbtb"
21300080,"RYwpHqGL"
21300081,"YBVvJM3s"
21300082,"VnEgrRAV"
21300083,"r2Gwcwo3"
21300084,"IViHSj7v"
21300085,"OFwqPtCw"
21300086,"T6dIpKs1"
21300087,"XTsUDV05"
21300088,"JXIj0biS"
21300089,"D7Pd3Zhy"
21300090,"y7BBSCy6"
21300091,"p6y0UzRL"
21300092,"Izv06Xcn"
21300093,"TozvG64B"
21300094,"a0UeCfYk"
21300095,"OpFsguMc"
21300096,"2e0ZHbvZ"
21300097,"nItrp4cV"
21300098,"4DaMw30H"
21300099,"Dgr1hAm9"
21300100,"fWhGVoBr"
21300101,"6sVHKZBR"
21300102,"fQYCvf8N"
21300103,"InTR4NOO"
21300104,"Em0OOSIn"
21300105,"swGfiCYc"
21300106,"6aeBSuZw"
21300107,"kiXywAXd"
21300108,"62lx6O1P"
21300109,"CuEyGWwu"
21300110,"wIlB65VZ"
21300111,"gFRXZvA2"
21300112,"60vkbNLK"
21300113,"cdyrdPvR"
21300114,"u1LFmIFT"
21300115,"4E74Ryxn"
21300116,"XSDEaGkY"
21300117,"699z1b6V"
21300118,"BVNavaol"
21300119,"bXH7UMhw"
21300120,"Jor2rT7e"
21300121,"ESsn24fE"
21300122,"aKzh0lCg"
21300123,"kExanv4f"
21300124,"zF2z8ATd"
21300125,"z6h0lJxC"
21300126,"pU6LlOS6"
21300127,"xzPr3ggJ"
21300128,"ddUr9QCy"
21300129,"UNqhMNBm"
21300130,"0vgFfTuI"
21300131,"vGRhtVV3"
21300132,"FmCsMGaA"
21300133,"UxZnZXl8"
21300134,"Onw2fA78"
21300135,"ODh9LKdP"
21300136,"fzuLFJU1"
21300137,"He871HZ2"
21300138,"jtjP5Q81"
21300139,"7MFWZRiK"
21300140,"Cz0vpKj8"
21300141,"Ei8oNRX6"
21300142,"lMuiCBcC"
21300143,"uJBvPc2q"
21300144,"cSGFBeD1"
21300145,"f40DK097"
21300146,"Avg0dpST"
21300147,"hSG01Esv"
21300148,"P9MNYJmu"
21300149,"fIpbWaJd"
21300150,"NanICVAG"
21300151,"cLjE2ymr"
21300152,"VjQArDvp"
21300153,"7lqAGyYV"
21300154,"gZYG4xIB"
21300155,"woZsCWF7"
21300156,"r3dcB3VK"
21300157,"ilxFBoLQ"
21300158,"qTKuvSqs"
21300159,"3Tfd4Z4c"
21300160,"WcWfUjtq"
21300161,"c8F0X3IG"
21300162,"T57DSsXv"
21300163,"EhWeGpG7"
21300164,"PtgFPbZX"
21300165,"pNOeSqhG"
21300166,"6lhjIS70"
21300167,"2OEc7J7O"
21300168,"wd6Mqmhk"
21300169,"BqGMLGZs"
21300170,"MhnhNc0R"
21300171,"Sg17p9EB"
21300172,"8gHxit1z"
21300173,"bZAbUqku"
21300174,"i2vAYUEf"
21300175,"zCNOn6pl"
21300176,"favnPo6O"
21300177,"M2IGcgAz"
21300178,"k27Fxkvf"
21300179,"KhYPLY7o"
21300180,"0AUCUxw2"
21300181,"1KFwoIdL"
21300182,"YGGgZfPS"
21300183,"X7HFsqrs"
21300184,"uKMXNEMb"
21300185,"urN9X6ef"
21300186,"knOczfAB"
21300187,"4oW7xUWZ"
21300188,"XNnqSdXp"
21300189,"slXrEdee"
21300190,"8j4HRS88"
21300191,"iFR8DuwP"
21300192,"S2vDSeNE"
21300193,"eEqMzM9X"
21300194,"QEr0dNQg"
21300195,"5kOZQ2SF"
21300196,"w3J034g5"
21300197,"SIPVj30T"
21300198,"H3RXjqOh"
21300199,"9reWVMXD"
21300200,"s6Il6h6w"
21300201,"9O5eT1xA"
21300202,"SYmC8HPC"
21300203,"iZMXmikt"
21300204,"GSD8zdQo"
21300205,"VUTrHUAr"
21300206,"77oCArkw"
21300207,"v9siRKIT"
21300208,"8xUwPDYR"
21300209,"GWj9l8rQ"
21300210,"zGZDHFT8"
21300211,"3VYTKLeG"
21300212,"Oe56Vi5f"
21300213,"oH21RSf2"
21300214,"3eueB9IV"
21300215,"ZGMW9Ee6"
21300216,"IIhYJDAe"
21300217,"SWkbauTR"
21300218,"1gvlULC9"
21300219,"QubN3hld"
21300220,"bmsipDIx"
21300221,"J39NMZpi"
21300222,"xfpE2WnZ"
21300223,"qVjrCnrS"
21300224,"lSk4LTnD"
21300225,"XPTYvFm1"
21300226,"0eKM49i6"
21300227,"KwofgXV6"
21300228,"SrMwZe8G"
21300229,"knLeEGNE"
21300230,"yv2eMKX3"
21300231,"I9LHe3a5"
21300232,"FliXZ7kg"
21300233,"51DzQvpu"
21300234,"Il9JmlgO"
21300235,"6VyjvW5e"
21300236,"zm29XI7G"
21300237,"LAMCcr8i"
21300238,"0gSoEXal"
21300239,"CRmrVtj6"
21300240,"9SPbdESc"
21300241,"ww1Em5V6"
21300242,"prSA0mfd"
21300243,"Pk93F8WI"
21300244,"zHZbAVyO"
21300245,"KrCl6bFY"
21300246,"yfooltYG"
21300247,"bPioauYs"
21300248,"pVQwbIB2"
21300249,"wXuc24P2"
21300250,"hVgjmnKc"
21300251,"7Bcb3hj1"
21300252,"lM1wpBPN"
21300253,"FjfItrw2"
21300254,"7uKIY8WX"
21300255,"KT0ROM7b"
21300256,"VaCySyEM"
21300257,"LYLauRlr"
21300258,"PZ6aqY4E"
21300259,"7xDNA2B6"
21300260,"tBSoEdkH"
21300261,"Z16THSh0"
21300262,"yJwfn8UB"
21300263,"2sEOPvgo"
21300264,"WcWgxWeV"
21300265,"O1KtX6CP"
21300266,"uRNnIXBj"
21300267,"pM6JJacj"
21300268,"SZbZ5iKP"
21300269,"2ACjsFbp"
21300270,"XtApHN9F"
21300271,"WMm8ccGb"
21300272,"iYefn5K0"
21300273,"7BSXcEwm"
21300274,"TufHSazs"
21300275,"urPGRFUH"
21300276,"XRHSWmF5"
21300277,"8gmTk6HE"
21300278,"tEQiOqAR"
21300279,"UQRwWofb"
21300280,"ojcyqYrY"
21300281,"0uMgi08t"
21300282,"AUbUKQ2k"
21300283,"oACFenep"
21300284,"wGZskFsk"
21300285,"LS3kYeux"
21300286,"4WqzTcXO"
21300287,"MWqzvDw5"
21300288,"AxmUL9Aa"
21300289,"ezUNmDxJ"
21300290,"qDFJYcvg"
21300291,"sX3FpzMN"
21300292,"GT8zNwk6"
21300293,"vxYGT5QE"
21300294,"px8PbUq9"
21300295,"rQf47TCh"
21300296,"Ey46Vzt4"
21300297,"05mDQfD1"
21300298,"mHjyXQB3"
21300299,"Ed3By3Rs"
21300300,"Dn0tKdI4"
21300301,"4YzHox3p"
21300302,"suqliFeA"
21300303,"Yxjy9VFW"
21300304,"9tQYYwjA"
21300305,"h6vwiPtK"
21300306,"raHdlAft"
21300307,"XOBsioWU"
21300308,"MHojqgo9"
21300309,"0hBQpgEd"
21300310,"euZfryEf"
21300311,"TRdNt9QM"
21300312,"cp5Lj3ah"
21300313,"jJLAxTR0"
21300314,"XIS9nmD1"
21300315,"Z0iR6vaI"
21300316,"HEvZl92L"
21300317,"ouaXHeM6"
21300318,"6UeY3GRT"
21300319,"fKXHn7WT"
21300320,"ztC7wN3H"
21300321,"8mBt3tvQ"
21300322,"q1uMGJXS"
21300323,"rvrXiAYd"
21300324,"7FcVQjF1"
21300325,"wwEvaNhl"
21300326,"qqdxyofb"
21300327,"JNXfk309"
21300328,"SbWSPkWb"
21300329,"16dGVIJF"
21300330,"0IL7XMT3"
21300331,"GzcCBzkR"
21300332,"nbp0m1MD"
21300333,"UStDjGd3"
21300334,"tFGAVCuy"
21300335,"OsYIRwt9"
21300336,"YqWkFcKo"
21300337,"3deen45w"
21300338,"evcHZPW5"
21300339,"wOdRv5fH"
21300340,"g2I8zsTa"
21300341,"JSepewlR"
21300342,"BUROwWJi"
21300343,"Mxj9GGsI"
21300344,"fmXk3bMg"
21300345,"yBOUkXBz"
21300346,"3rlhvJ3f"
21300347,"nLdnMCxw"
21300348,"9sSjky8S"
21300349,"rPSpt9Ur"
21300350,"Eu5h5WRW"
21300351,"1W3UysQL"
21300352,"ujwWXqVw"
21300353,"Zrkhmz10"
21300354,"WLjmQFab"
21300355,"onRRwpfF"
21300356,"3XQXiSZK"
21300357,"501vTGkp"
21300358,"Eme2igpE"
21300359,"iabQ3CIN"
21300360,"nwfiB9cZ"
21300361,"SUtNUDLr"
21300362,"OeBjtAZy"
21300363,"GBernoK2"
21300364,"NcTi1VYt"
21300365,"WxOh9Krw"
21300366,"KSYEyTHd"
21300367,"FzYFO0JQ"
21300368,"e4al8W5n"
21300369,"i7CJA3tk"
21300370,"WNIvmyuf"
21300371,"pL91G3c3"
21300372,"58LiUQTe"
21300373,"auZ1o7To"
21300374,"CjS6PvVT"
21300375,"v0ikxTrj"
21300376,"xC5DECHn"
21300377,"NuLvfL6M"
21300378,"IvHHLsGv"
21300379,"swmQa14d"
21300380,"zCpNtt1v"
21300381,"P2mweSjT"
21300382,"idKcO6AL"
21300383,"rV1pOHnV"
21300384,"PFvZnLBP"
21300385,"T6VNbcIu"
21300386,"GfOKoxrT"
21300387,"GpWh9zD3"
21300388,"GL5S1imV"
21300389,"ezCOpNxv"
21300390,"0EsQt1Ys"
21300391,"IY8uBaGf"
21300392,"1pG5pQDb"
21300393,"wbTOXCgH"
21300394,"AgDMKMxt"
21300395,"fySd8QSP"
21300396,"eSMBBrAL"
21300397,"PYdpp55A"
21300398,"Dk13XOl9"
21300399,"butRi9HI"
21300400,"vAfoiHBB"
21300401,"Od6ITBuN"
21300402,"K5W2mn3g"
21300403,"5eAOcMWO"
21300404,"tY6iKi1x"
21300405,"war4G3OR"
21300406,"RexqV0e3"
21300407,"kKkg2zlC"
21300408,"B4UG1iaQ"
21300409,"9y0n2Q4M"
21300410,"hecYkrIO"
21300411,"Z6eFSV8W"
21300412,"rGxzywoV"
21300413,"QyRKNZOx"
21300414,"TB1qVSae"
21300415,"A826MH0l"
21300416,"xtk4ATVP"
21300417,"QL3kBnph"
21300418,"7fE1EdtR"
21300419,"Q2iemLLV"
21300420,"8mZoMOvb"
21300421,"ItNVkhFH"
21300422,"UDgPLc6D"
21300423,"cNOA1Pbf"
21300424,"Yq2xIqQW"
21300425,"HMhl3JAv"
21300426,"K9vDR299"
21300427,"wTPbhCra"
21300428,"ebu9DBwv"
21300429,"2gAHHIaZ"
21300430,"JeiEf3kD"
21300431,"vP4lpBOm"
21300432,"D62CCDNL"
21300433,"12M4hi6W"
21300434,"UF5ETMor"
21300435,"0izE7vp9"
21300436,"ywALFjqs"
21300437,"CUAYwLxx"
21300438,"PdzsyJTo"
21300439,"CBF8v3h7"
21300440,"jlUwZhJ2"
21300441,"sINDyeie"
21300442,"pxvSTo2V"
21300443,"Guinsma0"
21300444,"nSpWqllF"
21300445,"QbqsJldT"
21300446,"ImgMgNST"
21300447,"V9fw7gq7"
21300448,"bZhuQP1L"
21300449,"lUO9jRyy"
21300450,"7PuOMpTI"
21300451,"IhJY7NYg"
21300452,"goQT3tLA"
21300453,"e9ENH171"
21300454,"inFazUqR"
21300455,"QNVBEdbx"
21300456,"Ve2z26jM"
21300457,"0PLxwd2X"
21300458,"cswDh1tZ"
21300459,"AUjWZJuq"
21300460,"zKXPrVL8"
21300461,"M7HK5oWF"
21300462,"U1l5PRB7"
21300463,"RnxjfkbA"
21300464,"qIxCxSKz"
21300465,"TTMTQCfL"
21300466,"Ji7UPqv8"
21300467,"y8LOnNRx"
21300468,"SEFC3Gxg"
21300469,"m029MVwN"
21300470,"XbZrnAqb"
21300471,"jJeyv2x3"
21300472,"a3PiV0dg"
21300473,"FCjr6cz8"
21300474,"0qZlTwhh"
21300475,"L6zoRZVC"
21300476,"rikaZBQj"
21300477,"P15ujYfu"
21300478,"94Qttkte"
21300479,"6wmNYbeX"
21300480,"BWPm1SE9"
21300481,"NouL8tc2"
21300482,"Xd50b3wQ"
21300483,"pJsFPRpQ"
21300484,"0f6DQrXe"
21300485,"h6lnKpJ1"
21300486,"M6H2Rvon"
21300487,"gMKfFsSW"
21300488,"PltV0LAr"
21300489,"jykgF4PH"
21300490,"xM89xfcQ"
21300491,"q0Iw8oej"
21300492,"fTKiBttm"
21300493,"5AvyHr1F"
21300494,"zgeL8WLF"
21300495,"Dcc0YW62"
21300496,"bBFajPjf"
21300497,"UgDGJ795"
21300498,"nVunWidS"
21300499,"PNapyqbI"
21300500,"u0b05a7U"
21300501,"AiSdSwsm"
21300502,"3d9Q2Nhj"
21300503,"KM2uCt9h"
21300504,"ctir6UqT"
21300505,"g7aIbwfk"
21300506,"pCI6WyzI"
21300507,"8Sco4Dav"
21300508,"ps0NH2zG"
21300509,"DB4nf4Ek"
21300510,"vVr6mi4z"
21300511,"dkeb1ljH"
21300512,"ck8CPGyT"
21300513,"mX6XXJxp"
21300514,"VJIYsOJ8"
21300515,"PHnUxpCo"
21300516,"PPTRoBw9"
21300517,"xGPFpfBy"
21300518,"I77y8si0"
21300519,"lgaeDmc8"
21300520,"7O27JyLo"
21300521,"AZ1fKQhJ"
21300522,"mXwDWZzI"
21300523,"fTR21cz0"
21300524,"vsjrrCqj"
21300525,"nLphr7F9"
21300526,"OgX8CRzz"
21300527,"5YY6DfXl"
21300528,"ZDTk0T0e"
21300529,"lIB1XRmn"
21300530,"Q8EVPMwb"
21300531,"wSyIvR32"
21300532,"1YW6Qz4K"
21300533,"1ttqx9bz"
21300534,"ZfRJJH5P"
21300535,"Ph9TZ8l0"
21300536,"NXv7xTtX"
21300537,"4v3PWSYn"
21300538,"kA4MOVdK"
21300539,"2yZQyz3w"
21300540,"uZqUqgvP"
21300541,"VwZA9qh9"
21300542,"tyZIsNtQ"
21300543,"6TdjJpQC"
21300544,"Qt89pWBz"
21300545,"gy2VMBPI"
21300546,"FpQOqMiB"
21300547,"DNP0SwLy"
21300548,"RpNiyOcT"
21300549,"hFHoaOcS"
21300550,"exZMyu1m"
21300551,"hChzERWm"
21300552,"B2Es0ZtB"
21300553,"I6jrOVy9"
21300554,"ayzxZNvg"
21300555,"YXdYPAXm"
21300556,"lXg23Gto"
21300557,"Erp9REWL"
21300558,"hiBtTPFf"
21300559,"kBdv4BN3"
21300560,"HnFCVW2R"
21300561,"yVge1HB9"
21300562,"dD0nJpUq"
21300563,"t2xjuUvd"
21300564,"JWsWWFxa"
21300565,"dnkLeXnz"
21300566,"eRKXXfzK"
21300567,"8TgEfMqu"
21300568,"0h6JY6AE"
21300569,"KSkSUeD7"
21300570,"NlxuwMKc"
21300571,"w8jNodAP"
21300572,"3guOEsGq"
21300573,"aQ3ZixuJ"
21300574,"SO23HPHL"
21300575,"qMqCcHLS"
21300576,"RSk9nkxg"
21300577,"64e4bo2E"
21300578,"PHIc7ybp"
21300579,"0crFvetU"
21300580,"oYbvYnSK"
21300581,"DOaYl05S"
21300582,"ORMnc0Ch"
21300583,"p6J1tdI3"
21300584,"sZM6j0bZ"
21300585,"S7vEZKfC"
21300586,"R7LAzLPE"
21300587,"YvdnZjvq"
21300588,"7kMX74F0"
21300589,"gunSzigj"
21300590,"Nj9yeOp6"
21300591,"KQb8aTLr"
21300592,"ma4ty8WZ"
21300593,"fYXQ5Bi1"
21300594,"Sx9ge61h"
21300595,"wKBHRZyP"
21300596,"4oxam5lI"
21300597,"0OP355Ei"
21300598,"fDBFr8Wc"
21300599,"3PnxGp9a"
21300600,"sGcfg7cP"
21300601,"F0V2QaF9"
21300602,"2AgHFcuS"
21300603,"pyNmcwp2"
21300604,"OQz9i3S7"
21300605,"W8UXuetE"
21300606,"YeReiKH0"
21300607,"WXQH4tH4"
21300608,"8vpZ7eSv"
21300609,"AxXMJozU"
21300610,"MulOe9kt"
21300611,"qMJA7LkI"
21300612,"AwuJ8s0O"
21300613,"8zIPy9np"
21300614,"wP53rVGQ"
21300615,"oG1MptNl"
21300616,"QXuOddXh"
21300617,"n9BH54r2"
21300618,"vGgxUgv2"
21300619,"Y6e3XXlE"
21300620,"7yJiQA3w"
21300621,"mfayESdi"
21300622,"ZaE8WiDS"
21300623,"hp5sYBnx"
21300624,"azDm8G3H"
21300625,"fdZUWAkl"
21300626,"5Ahe5iOP"
21300627,"1u3GEBcq"
21300628,"aCpNfBfr"
21300629,"A77yGd2X"
21300630,"S6PYI8ZC"
21300631,"4Q1si8Al"
21300632,"BLKZDBtI"
21300633,"qnWzPlGS"
21300634,"qTaqa44Q"
21300635,"oJGVdjWx"
21300636,"uvu8ueSL"
21300637,"S9XPgjUE"
21300638,"5yBb8eFr"
21300639,"tvSlkESt"
21300640,"pg2kJfSL"
21300641,"ekPUP8rR"
21300642,"j5NfTbkb"
21300643,"3cnSuYHp"
21300644,"WU3wS3bi"
21300645,"DpSYASSv"
21300646,"Pagplkwl"
21300647,"nbLOQbxm"
21300648,"7jSCzBL3"
21300649,"77bU6N4H"
21300650,"PK7FJttv"
21300651,"y8E0KebC"
21300652,"9fUS9BCH"
21300653,"StSYnHLc"
21300654,"if2Zb9nk"
21300655,"TYRILnYa"
21300656,"n3pWaZJB"
21300657,"xqpiB0am"
21300658,"303ZCYVg"
21300659,"HvtiyNoQ"
21300660,"tgnMrwzH"
21300661,"F476zRHR"
21300662,"6l9rlZIK"
21300663,"L7NwoYTY"
21300664,"ojXrsFnY"
21300665,"h9lJ2wSL"
21300666,"Lh3YZlj8"
21300667,"iUFpdfeV"
21300668,"xm8vkQMp"
21300669,"b871B03p"
21300670,"SeaCOqCC"
21300671,"jAoEOlvf"
21300672,"6slhmCCl"
21300673,"ihkXs9ej"
21300674,"BDInJIqa"
21300675,"HT7HgTnT"
21300676,"yOnwUDYf"
21300677,"BkzDDuY6"
21300678,"mH3rpOcc"
21300679,"R6gBJT0a"
21300680,"k3KgwHCt"
21300681,"kdi9T27y"
21300682,"Z05oDlEL"
21300683,"t83GCO5B"
21300684,"eJg6xXEB"
21300685,"wCgiazm0"
21300686,"AkPPFoz7"
21300687,"DlXfgZ0j"
21300688,"jB1JeN2h"
21300689,"FIX2Fr65"
21300690,"yraayPFz"
21300691,"JNyLWQU1"
21300692,"sIGf5mdC"
21300693,"KvReht3m"
21300694,"3jsGVKqR"
21300695,"R9hwfLDc"
21300696,"tundZpUp"
21300697,"zC3I9OxF"
21300698,"Qv2HLKja"
21300699,"sDg9Go3Z"
21300700,"w4UJHYIb"
21300701,"o84qMUtz"
21300702,"iPfoZ0E8"
21300703,"SVCFnYe4"
21300704,"J7s2vyqp"
21300705,"pKJfrK7z"
21300706,"qMv4eKS9"
21300707,"In52PRRI"
21300708,"su82SFKR"
21300709,"MlkJVPXp"
21300710,"fU3WSrX7"
21300711,"NdmG450r"
21300712,"7PgixkwK"
21300713,"4CCHrBUQ"
21300714,"faldrdwv"
21300715,"YdVn11mc"
21300716,"Rh4wXffM"
21300717,"5eI2Y07z"
21300718,"VSWLwGuK"
21300719,"EfxRkX2y"
21300720,"9CCuRtIJ"
21300721,"6I6AunZ6"
21300722,"YDT1mQh3"
21300723,"dfzNJfnp"
21300724,"tZb55XKC"
21300725,"hHIfaNIb"
21300726,"hRuIEf7k"
21300727,"FFSLEL6Z"
21300728,"x3IMpJAq"
21300729,"KXeiQvmQ"
21300730,"glXDOx5U"
21300731,"DJ7yQjVs"
21300732,"jBHkCjVq"
21300733,"OwT8z3rq"
21300734,"FbnfEF2e"
21300735,"tQYdWaEB"
21300736,"tNZctPdg"
21300737,"iyBZaP8k"
21300738,"0kpIvwfL"
21300739,"boeZ2cAQ"
21300740,"F8QYdftq"
21300741,"w6VLjZOb"
21300742,"Y5oHgIJX"
21300743,"kpniGDhL"
21300744,"pLnJQ6nE"
21300745,"uB9L0oo1"
21300746,"D7E6m04Q"
21300747,"cTz69MKh"
21300748,"gaZ78YaD"
21300749,"Mb9kqmxj"
21300750,"3SsMaGhv"
21300751,"LKhFcZxs"
21300752,"wpMh85g9"
21300753,"5LiwJ2ti"
21300754,"pXwiIGye"
21300755,"Ev6oX2g0"
21300756,"thgLDpo1"
21300757,"BMsUeac2"
21300758,"BTGtrPfE"
21300759,"JhatvrLq"
21300760,"2njgWVEW"
21300761,"FZXxT1Xb"
21300762,"PniCAAC0"
21300763,"xKr3Jl7K"
21300764,"0XpCZUeW"
21300765,"ZyTbrzfw"
21300766,"lCVAm6dn"
21300767,"aHd3n07k"
21300768,"1ZiLNw2K"
21300769,"i6GFmcd4"
21300770,"mf1w7UpX"
21300771,"POylQG1s"
21300772,"l6Ddxhxg"
21300773,"uFbEFJVk"
21300774,"H5ES5aZu"
21300775,"pKbjFDeA"
21300776,"lVbSmJ3X"
21300777,"TUGUhsvc"
21300778,"hPkvIxl4"
21300779,"OkIeWMKE"
21300780,"yqfbEsMB"
21300781,"vZ987TeX"
21300782,"rE1AZZzy"
21300783,"d1oOVWFS"
21300784,"8BF35wUF"
21300785,"B4dzGeGx"
21300786,"ndknziW2"
21300787,"2aAcjcRh"
21300788,"p4p8zWbq"
21300789,"TNIDXnfs"
21300790,"wwiS5M79"
21300791,"3Yr14DHO"
21300792,"7gsFwCm9"
21300793,"ArNpbJZC"
21300794,"7MPatQ9S"
21300795,"mnLGahim"
21300796,"Yvwu4BbT"
21300797,"lxUxFFyE"
21300798,"pXr27JJl"
21300799,"1edk201m"
21300800,"i73mK9d6"
21300801,"S3lnCbKc"
21300802,"5y5JUpL8"
21300803,"ja91IAzE"
21300804,"djgH9TyQ"
21300805,"revLm6SO"
21300806,"HyCyelGf"
21300807,"ZaYKfzPZ"
21300808,"ZDCCB9Nj"
21300809,"AXaNwsRf"
21300810,"fnC4mfTO"
21300811,"0UfHkagN"
21300812,"UNiWSrp0"
21300813,"6Jl7f8lv"
21300814,"PkdliKWj"
21300815,"5PhDHD5T"
21300816,"kdvAXAmO"
21300817,"KpOwsbNy"
21300818,"kJHqabzu"
21300819,"qjyQwRkx"
21300820,"7bh8VfBW"
21300821,"2d3eOFoG"
21300822,"0Vss2WMf"
21300823,"sJmuboU4"
21300824,"eZLUTgVi"
21300825,"w3s3pVfA"
21300826,"hQodg0L0"
21300827,"pvi4JMMf"
21300828,"AC3RNHov"
21300829,"vhjpoyET"
21300830,"4yKJYKLR"
21300831,"qSeHGxva"
21300832,"Fl6waSfK"
21300833,"2hTE2BYS"
21300834,"PyHB8XRH"
21300835,"9cw6k4xm"
21300836,"eSmAze2q"
21300837,"1k9xqe4I"
21300838,"xDuezn1M"
21300839,"BKnfSGoo"
21300840,"8mg1YtXT"
21300841,"tDIDdA6Q"
21300842,"R32TFNX5"
21300843,"pKN5Wsrb"
21300844,"3vUrU6rb"
21300845,"TeBv1FGY"
21300846,"sjyWvqCr"
21300847,"VJq8KlBh"
21300848,"TgAi3bBf"
21400001,"vOmHc1QS"
21400002,"JTStbbxW"
21400003,"Y0SSfOsg"
21400004,"wRgnD9fz"
21400005,"UmFj52n3"
21400006,"mEUuExOM"
21400007,"A2HFSKWz"
21400008,"T0ij09yd"
21400009,"xgfN4Smc"
21400010,"0Hv8pr5P"
21400011,"l2SbZJPG"
21400012,"bkrnDU0f"
21400013,"wY1HfKWk"
21400014,"dUs2VgfY"
21400015,"AHaDTOk1"
21400016,"myMV6T7k"
21400017,"CGauEGXA"
21400018,"sTJSknQo"
21400019,"M9JZWdJC"
21400020,"rkU0kOwl"
21400021,"hy3L6QLq"
21400022,"onNNN2fv"
21400023,"WxVRP6ry"
21400024,"TRcggpc8"
21400025,"cO9EzLhi"
21400026,"6ywjP9v3"
21400027,"pqONWPDu"
21400028,"1gBuWhMp"
21400029,"loN07aC7"
21400030,"0CoEgMax"
21400031,"XyeJGy5k"
21400032,"WDJrfykn"
21400033,"7A3StO7B"
21400034,"7CVu5Wd8"
21400035,"DQuC3ilg"
21400036,"LyyAKF98"
21400037,"HeWePWF8"
21400038,"SxYQ0n34"
21400039,"2tnlOXPd"
21400040,"vt8TzcO7"
21400041,"49B6Ndhp"
21400042,"PIBK86ki"
21400043,"RYcjQK4c"
21400044,"qBXbwzxV"
21400045,"Y6PV0TUZ"
21400046,"RYvKGRru"
21400047,"EiLNb2mj"
21400048,"RSrbwYPp"
21400049,"71TOq5HC"
21400050,"WIicOFFA"
21400051,"PEna4BBG"
21400052,"DJ4tE7zX"
21400053,"624r7AJS"
21400054,"42nRQ23o"
21400055,"EQOrXoqW"
21400056,"PS3nfNI1"
21400057,"8Fsp9Is8"
21400058,"RKpVlQQA"
21400059,"yuiaFYPO"
21400060,"QDumtawE"
21400061,"yJcvXCqs"
21400062,"jGk9RVuW"
21400063,"iIqkSGUL"
21400064,"BLnK6G5g"
21400065,"tI0djC7K"
21400066,"rMcgWFij"
21400067,"bYIk75YV"
21400068,"IVjj8w3Z"
21400069,"fHuObmNb"
21400070,"UZseHnWY"
21400071,"TgXXrbfw"
21400072,"YY3PT4it"
21400073,"cGAEFbEH"
21400074,"9Op8ounz"
21400075,"H0QWfWot"
21400076,"UkNI0VQi"
21400077,"D3fWKSjs"
21400078,"PgCG1nB8"
21400079,"eqJydt0p"
21400080,"YbPJNLrD"
21400081,"d6Z6yWP1"
21400082,"lXM9IVnu"
21400083,"RFEkNbQt"
21400084,"g5V9Y9xl"
21400085,"2wMNS85e"
21400086,"zTIfqRIe"
21400087,"Da989s01"
21400088,"mzK5ZVN3"
21400089,"aKBpPIgf"
21400090,"fzTm3dju"
21400091,"jnxS2Rce"
21400092,"SNteZf6m"
21400093,"FKicBW0R"
21400094,"yKdSm1Dt"
21400095,"NH1hx0lS"
21400096,"Aeb5iF90"
21400097,"AMjofxml"
21400098,"OHJxqygF"
21400099,"hj0W2KJ4"
21400100,"QxoCZkFG"
21400101,"9OzcoCgW"
21400102,"qPRW8LEI"
21400103,"8Szn7jEF"
21400104,"fXNX2Uaw"
21400105,"9j5o8htH"
21400106,"RphdHTTD"
21400107,"QKywzJje"
21400108,"7YKTU5cz"
21400109,"AmgliFNK"
21400110,"eU1vXVlh"
21400111,"JSGiO2xj"
21400112,"MwS75op2"
21400113,"JDwX7Rgn"
21400114,"3hv0cjq8"
21400115,"jwyFyq76"
21400116,"k4DMP45N"
21400117,"WX5KFJUO"
21400118,"ElVZqWJ9"
21400119,"eINdbrb7"
21400120,"kobW3g5N"
21400121,"s4ElbtSz"
21400122,"Yqyo5ZuJ"
21400123,"e7ZoElpI"
21400124,"f4Zq9doV"
21400125,"MJL5sgky"
21400126,"HrhxCHmy"
21400127,"DQ2GxKLQ"
21400128,"ku73RTkv"
21400129,"qSkBibPW"
21400130,"eNlB55Q8"
21400131,"ES5fsVsR"
21400132,"OEFGrGWg"
21400133,"DrKg1sMg"
21400134,"zHNTCpn2"
21400135,"e1faHyNp"
21400136,"hl8ckvgR"
21400137,"ABbeCwW8"
21400138,"azGn9fGC"
21400139,"KXOOHcF3"
21400140,"l06Unnjl"
21400141,"FrsBRQOu"
21400142,"LWXtH91a"
21400143,"9pYewulI"
21400144,"pogInEvt"
21400145,"923eToAZ"
21400146,"23dh5Hz6"
21400147,"WvlcmOAO"
21400148,"T78ze1mV"
21400149,"Rj0sokHX"
21400150,"whcBJWCz"
21400151,"ZI7VjfiY"
21400152,"ZNq1ApAT"
21400153,"ASClQnyr"
21400154,"lFpMRS5O"
21400155,"lhPQb0ph"
21400156,"kU1H06xn"
21400157,"879t8CH3"
21400158,"FFFGALvd"
21400159,"pEkXHDJ9"
21400160,"JoU6JGuq"
21400161,"9TZQliVD"
21400162,"z0Qm4uDj"
21400163,"qPumLX3r"
21400164,"ufWnTB9C"
21400165,"UkfSrlaW"
21400166,"c1uzFHF1"
21400167,"IyY4aFXd"
21400168,"wOVpfBcI"
21400169,"U3kGVVxN"
21400170,"F1j6qSH1"
21400171,"IwlbSeDs"
21400172,"t65AMtaY"
21400173,"1LlEkfhU"
21400174,"CRrjiYjF"
21400175,"wpQ5xENC"
21400176,"o2gDStKR"
21400177,"Or9CbwfB"
21400178,"ylDCT7Ay"
21400179,"EQDsNLz5"
21400180,"qYmXDoyB"
21400181,"yzCMabbm"
21400182,"10oWC1nm"
21400183,"gfeWkRmD"
21400184,"deB3BiBA"
21400185,"OnZJI9nQ"
21400186,"Qb1GyOug"
21400187,"xfpL2WT3"
21400188,"iGfXlNhq"
21400189,"1wTXNPXW"
21400190,"4XQfjKFR"
21400191,"GPe6pIAP"
21400192,"sDUzxVzp"
21400193,"sUZmeE7l"
21400194,"tAxCPlYP"
21400195,"JsCVt24k"
21400196,"rl5dPpKT"
21400197,"FDboOipl"
21400198,"o1xlsuOW"
21400199,"yn3qnkND"
21400200,"4mq6iNVF"
21400201,"XLMoNiQS"
21400202,"84aVJRl8"
21400203,"DBBYpG0C"
21400204,"ODl57UV8"
21400205,"gd3G5Y1q"
21400206,"XuK0mw1X"
21400207,"gVVPbGtW"
21400208,"k6ixWSsB"
21400209,"fhUBkR9R"
21400210,"nCHoQARa"
21400211,"Pl05NxK6"
21400212,"RojdOL23"
21400213,"Mi0wMj0A"
21400214,"g0g8R0hj"
21400215,"4bqJVoer"
21400216,"sJRRzOAa"
21400217,"iLsT6s4A"
21400218,"AK4CaPkv"
21400219,"9MO4BZAX"
21400220,"DbFfPRFx"
21400221,"tf6XPYSV"
21400222,"mELG9YeT"
21400223,"NYtn63Ze"
21400224,"Fwxa6YpN"
21400225,"qhALAqiY"
21400226,"YuGVmUlK"
21400227,"WpY6MEmS"
21400228,"wJnNJAu5"
21400229,"Wvad9SiL"
21400230,"S90XiQtr"
21400231,"R8laJv2I"
21400232,"AwZG7Ggb"
21400233,"cVpU6csC"
21400234,"Kn1sVti1"
21400235,"ugMCjyhi"
21400236,"UOzASxLj"
21400237,"EAVURNAO"
21400238,"DLr4gtF2"
21400239,"YMPuM2O8"
21400240,"L4hc5ca9"
21400241,"rTREVr7a"
21400242,"togZBgm1"
21400243,"HRtNv2sl"
21400244,"s3rYVE2y"
21400245,"E5q9CkF7"
21400246,"w0EClZx6"
21400247,"eMqkXCa5"
21400248,"z24kdZ5x"
21400249,"wsTCMglk"
21400250,"yK2M0CSM"
21400251,"0wnLRf6j"
21400252,"MdqIJHeo"
21400253,"tsXBzJdj"
21400254,"GuwSeW3R"
21400255,"IyscEuxi"
21400256,"bxIUeku2"
21400257,"DpkWibYX"
21400258,"JgFqTYHv"
21400259,"aWd3zFKR"
21400260,"NaRSRCfV"
21400261,"zZZIOhUS"
21400262,"vqOw6EOl"
21400263,"7vNPic2w"
21400264,"IGUcZmuB"
21400265,"sGGRQt3r"
21400266,"5z9MakDN"
21400267,"pxdDutri"
21400268,"XFNA4khd"
21400269,"RacjPVvu"
21400270,"kNkQChOZ"
21400271,"E3mrNhkz"
21400272,"1vZD8qY1"
21400273,"lFHaUU6g"
21400274,"FT1ARwMW"
21400275,"psfWUqhq"
21400276,"DPZL362P"
21400277,"pwWAvTQL"
21400278,"52B5wz2R"
21400279,"C9trRW2x"
21400280,"NefirZAk"
21400281,"ylU3ipGd"
21400282,"tbu6HoEp"
21400283,"DnwEhlaE"
21400284,"qeI8OIp6"
21400285,"3hke4qBD"
21400286,"dGQ7iN8S"
21400287,"LLR0cWDi"
21400288,"zO9wAUSa"
21400289,"71Ivcxig"
21400290,"iCCBeOR7"
21400291,"Bc5ueW5P"
21400292,"zoC6pktQ"
21400293,"rts4tOpW"
21400294,"XkioggFD"
21400295,"el5jKv6l"
21400296,"CZFYz47w"
21400297,"P9LlVK2B"
21400298,"HZ7WrGZq"
21400299,"sAkUvDGb"
21400300,"7BKPZb9z"
21400301,"hBFOeYLQ"
21400302,"sZCoRIGr"
21400303,"bpnJiqGk"
21400304,"pvf0WgDp"
21400305,"mC4B1sKX"
21400306,"5ncPwiIN"
21400307,"O8lD3w38"
21400308,"xSIdPPug"
21400309,"mr1ts0Jt"
21400310,"D52915XN"
21400311,"ny2t3ant"
21400312,"cTgUCOJI"
21400313,"5Zg9KUCA"
21400314,"kHHmm1Mp"
21400315,"ZbbTlALI"
21400316,"qehLyK78"
21400317,"L0fVOnqz"
21400318,"KoMePKS1"
21400319,"Xs6LKvr5"
21400320,"wMcN3FvA"
21400321,"sfUReQrb"
21400322,"nisg5t5A"
21400323,"NABSpPlh"
21400324,"T3EN2SGX"
21400325,"45EZOOUw"
21400326,"hMt7bh1a"
21400327,"Dkm5QTJA"
21400328,"p9SqpwNM"
21400329,"kiLZh4fg"
21400330,"SOu7ULew"
21400331,"pqftO24B"
21400332,"ro1ii66Z"
21400333,"TdSv2WF4"
21400334,"6Z8pPHJv"
21400335,"ln9GD2VF"
21400336,"1cQyO3AY"
21400337,"I03DDtLw"
21400338,"JvEC0dY5"
21400339,"6oO5W8en"
21400340,"ScHC90qn"
21400341,"WX7W18gy"
21400342,"bTrqrhzj"
21400343,"686l4DHG"
21400344,"mxe1pY5e"
21400345,"UtglYttY"
21400346,"C7jzYZeA"
21400347,"3rnqlkY3"
21400348,"MrwXQPef"
21400349,"HfQ80gAx"
21400350,"sbNo603O"
21400351,"dW9tzWtt"
21400352,"rZYk88cR"
21400353,"jySAD1wE"
21400354,"eyLwXOk3"
21400355,"rN1F4Lg6"
21400356,"ixBwdM2q"
21400357,"JPqaYnmt"
21400358,"AxYk3QVH"
21400359,"9q2HB3yi"
21400360,"JtJqIpEy"
21400361,"DiWLRwln"
21400362,"kjfLRdaf"
21400363,"rOSzWU2b"
21400364,"9yeI4LTe"
21400365,"MEngfGI9"
21400366,"pdckWAsW"
21400367,"cls3RHjG"
21400368,"oEF5NJ4W"
21400369,"ShEdNyGg"
21400370,"LlIlGPKs"
21400371,"uPAToVDZ"
21400372,"cVBQ8ufr"
21400373,"QC4mllHJ"
21400374,"Y5dq6TFT"
21400375,"wHjI4GNp"
21400376,"7qqwUeNa"
21400377,"qbrY0gkY"
21400378,"LjltCOjs"
21400379,"B9cV6LWR"
21400380,"yktOoy95"
21400381,"uNnFIcMh"
21400382,"GVneCMMF"
21400383,"84lj496t"
21400384,"3LG2ca5Y"
21400385,"vtakKYWg"
21400386,"e3ZMb4Vi"
21400387,"e6SZPO4M"
21400388,"tEH5n3HO"
21400389,"tkBLJaSs"
21400390,"VGkPwFnb"
21400391,"SjSf22hp"
21400392,"kVwVGp6T"
21400393,"WCCj7ACN"
21400394,"RRfDhanU"
21400395,"RF75cebL"
21400396,"JxPTQicW"
21400397,"6MXutU3Q"
21400398,"GKoxzSJH"
21400399,"mN3rBkVo"
21400400,"2iiiwS2u"
21400401,"vR7g6U73"
21400402,"YsLGTZNz"
21400403,"CUdxBHN4"
21400404,"ITncu1Ir"
21400405,"mlxahTh4"
21400406,"oZNh9AmT"
21400407,"QmWgDB0E"
21400408,"lGbtQD3o"
21400409,"VsFTFGob"
21400410,"omd6NbXg"
21400411,"N8B6K0ap"
21400412,"Z0Yvzr1E"
21400413,"3ViiUVbF"
21400414,"CI2pYSft"
21400415,"2VsOuDO5"
21400416,"r9SvXgjQ"
21400417,"ThnZIh5V"
21400418,"Y3yie4aq"
21400419,"0VHLpiL3"
21400420,"RkScHf1i"
21400421,"pRE94HFq"
21400422,"VtSlTtmn"
21400423,"EMTw6Kaq"
21400424,"ugsIoXnN"
21400425,"oZuE7uzo"
21400426,"cizoz0qE"
21400427,"EeheSISm"
21400428,"zNeCVaXX"
21400429,"1TCc3EkQ"
21400430,"Vy7Jw0pk"
21400431,"gsj175Mn"
21400432,"fx8uzOua"
21400433,"rHWP4vr9"
21400434,"v4caJEiZ"
21400435,"g2DgGpaV"
21400436,"qOzR86HS"
21400437,"uAXKj3Bs"
21400438,"MzcgAotB"
21400439,"6HnRZe57"
21400440,"xCZoLOiT"
21400441,"QQOwFziA"
21400442,"8bYUQLMp"
21400443,"kPfMOjht"
21400444,"3GADXXwI"
21400445,"743SXyV4"
21400446,"4jViO5Z7"
21400447,"8sH8FksX"
21400448,"ImMp2JWr"
21400449,"GVoNq5LU"
21400450,"4fMyUeAg"
21400451,"FagHvO6A"
21400452,"HV0Zm3j6"
21400453,"ouV8IX1r"
21400454,"jktHjmGx"
21400455,"DXS5TUfn"
21400456,"tMrtdA8J"
21400457,"CR7mqn3e"
21400458,"9cZXnbeV"
21400459,"kuMsE424"
21400460,"TWujZxv5"
21400461,"fZaTC3Zj"
21400462,"AgrH9kGp"
21400463,"tiFUrAQc"
21400464,"LfMeoF43"
21400465,"4ShQtGyd"
21400466,"ngnsrTER"
21400467,"QWYjTLvP"
21400468,"tLvEs7rb"
21400469,"4ljB2iWv"
21400470,"gIEkv8cd"
21400471,"MxhhfAtC"
21400472,"pRwyN7Bs"
21400473,"w5LefmmN"
21400474,"4HhfCYBx"
21400475,"zl3EAi3j"
21400476,"s3BsRzhp"
21400477,"s5xy4jWQ"
21400478,"wUrRhrfW"
21400479,"zHtdHtRS"
21400480,"86O0MG6T"
21400481,"mCn6xcpq"
21400482,"eqy8Aoid"
21400483,"KV2h2gQe"
21400484,"g9dtRvXh"
21400485,"UXBxDLcu"
21400486,"wEWBzaAK"
21400487,"dvZRPzns"
21400488,"62RKVbnm"
21400489,"DN0jrtpg"
21400490,"qKPU0bcQ"
21400491,"wtJGEaUT"
21400492,"YfONllty"
21400493,"DXbFWl7z"
21400494,"v3ebsYIM"
21400495,"PMPOiBaZ"
21400496,"uDNdP9DB"
21400497,"NbLmxT8m"
21400498,"qZsoBNE6"
21400499,"MAjGKX8v"
21400500,"sTXB7qnt"
21400501,"QfYhJDoR"
21400502,"EbPbrUvy"
21400503,"FydH5uIC"
21400504,"mJ6zWcYU"
21400505,"jnCfH3qF"
21400506,"KFZRqFHG"
21400507,"X4Sh64Lm"
21400508,"xFu3UP2C"
21400509,"mF8bNSA2"
21400510,"SaUDDIgi"
21400511,"9pfQCAce"
21400512,"a63LOW9H"
21400513,"EbfqD3h3"
21400514,"KOnhntvp"
21400515,"zfaKjsqS"
21400516,"v0ru5yXa"
21400517,"pguwNAXj"
21400518,"1n9Qyy9m"
21400519,"rbIVSjTK"
21400520,"Gd6gqrA7"
21400521,"QWQ4q5JO"
21400522,"hiWPOtjI"
21400523,"3ZUQNPek"
21400524,"9qfdCjQj"
21400525,"g7beDH0k"
21400526,"qRfRhdkz"
21400527,"yVaMbcY7"
21400528,"K7TQNfKi"
21400529,"k8YmB7SQ"
21400530,"4gE3fynI"
21400531,"lEfMj1ym"
21400532,"FVe9yX4u"
21400533,"X3XIKW4r"
21400534,"dcWN5U9S"
21400535,"ZypdJNgT"
21400536,"8kMjbaY1"
21400537,"2dXpyzD9"
21400538,"xSityzVf"
21400539,"t3ukakx9"
21400540,"JF5Sprxo"
21400541,"PFv4WfmI"
21400542,"hDlrcuSd"
21400543,"j22yrky3"
21400544,"BCds399J"
21400545,"BHFXUump"
21400546,"I8kqLJFw"
21400547,"QXIUBVCx"
21400548,"Ap69T5uj"
21400549,"BARBwiNP"
21400550,"o3mq17Gn"
21400551,"FFgMtgob"
21400552,"eD2OjB9U"
21400553,"8MElFKt2"
21400554,"HOymorKo"
21400555,"AybARszO"
21400556,"7rquK4z4"
21400557,"dxVAansw"
21400558,"RKrHxVa6"
21400559,"mxHE2CYl"
21400560,"LaomorFF"
21400561,"6XgkEqVg"
21400562,"UgCzCDnC"
21400563,"tz5RGCNt"
21400564,"hJydHKaW"
21400565,"C8u1VXkd"
21400566,"HUySodbR"
21400567,"vSnvGcNG"
21400568,"5LbuNRjU"
21400569,"RXZ6m4Ul"
21400570,"Th2QBZVb"
21400571,"tAFrmCfU"
21400572,"10XoOwTZ"
21400573,"uY2amK3W"
21400574,"h3qvgMQT"
21400575,"zPQvABy2"
21400576,"kt3uOFAZ"
21400577,"t4IIk9TU"
21400578,"TzfmMcOP"
21400579,"Vu9j069m"
21400580,"witWsOPK"
21400581,"ZA5Bgo2P"
21400582,"FiR7gZTe"
21400583,"O9TD2s5i"
21400584,"DQEAOgiB"
21400585,"SJA1cvlh"
21400586,"7iVCws8e"
21400587,"gfEL8iXL"
21400588,"xaPI2YAN"
21400589,"DkLPIyKU"
21400590,"rOqWHQcA"
21400591,"sMdiVFuZ"
21400592,"JHHrfOAm"
21400593,"RBv1zRYz"
21400594,"Y31FkW8z"
21400595,"SVfg6kxY"
21400596,"fJvXGODE"
21400597,"y3Yfewwk"
21400598,"VfdQkJ6H"
21400599,"RCEDxIM0"
21400600,"ixTOgdbX"
21400601,"h5JeVHBO"
21400602,"J6owc0Uq"
21400603,"MC9RsoTd"
21400604,"YtwNQipJ"
21400605,"2mlBuPMM"
21400606,"kWX6Sdeo"
21400607,"palpKDRg"
21400608,"2vewkYLV"
21400609,"RRQLWAYo"
21400610,"x5zEGrn0"
21400611,"u7N3uHlA"
21400612,"rUzycVm4"
21400613,"mxfB9Dur"
21400614,"o3cjyjLh"
21400615,"HMfu3yQr"
21400616,"Wev484Vv"
21400617,"AcqNg32X"
21400618,"FLu0lpTc"
21400619,"exbpn4lH"
21400620,"7opnPft0"
21400621,"bUQA7oQG"
21400622,"XibAgqXf"
21400623,"mtsFPfg3"
21400624,"eVENXRQe"
21400625,"sSSJcQf9"
21400626,"rMwh0mPx"
21400627,"Sf8EoriT"
21400628,"8hCwXJ7w"
21400629,"eM5cJXvK"
21400630,"zMkMo7xx"
21400631,"fhCCNjHD"
21400632,"972EXaM1"
21400633,"Z86pkUbx"
21400634,"IFTTNLbS"
21400635,"73gF9ooJ"
21400636,"tsLno7Vp"
21400637,"1rbzB58V"
21400638,"u0Q0xRJP"
21400639,"QYTtJDHG"
21400640,"fk9qqz11"
21400641,"6pB2OqcC"
21400642,"2tQlKFtQ"
21400643,"rGdXBiAf"
21400644,"GbqrtMYs"
21400645,"8HfVGISq"
21400646,"GBURceSX"
21400647,"LtSJ6YG1"
21400648,"IOY72X8H"
21400649,"WHLwg5Lf"
21400650,"TPYH9cJ8"
21400651,"OY7RRdMT"
21400652,"aKHKMCP8"
21400653,"VWPt9sV7"
21400654,"NxYgIseu"
21400655,"yyTFtFRj"
21400656,"MS3A6Sxl"
21400657,"z5LBNS6d"
21400658,"n2WKMr5V"
21400659,"pGYtgOVW"
21400660,"r8R2fDdW"
21400661,"I4Hm1Puu"
21400662,"8o8nNHH3"
21400663,"o1XNjcG9"
21400664,"3npzBfrD"
21400665,"cs5RVJJI"
21400666,"J78bQwp2"
21400667,"SzBANDL8"
21400668,"Tm6CUCAS"
21400669,"rbQ4LI3s"
21400670,"v8bEbfGM"
21400671,"S9CvpRZP"
21400672,"sFlKg63X"
21400673,"r5A2WMzO"
21400674,"xVztKacv"
21400675,"4I5vXVdR"
21400676,"xLnCuCRZ"
21400677,"x8Fe14yQ"
21400678,"0bn22MxR"
21400679,"GP6HeyJl"
21400680,"LqIvYYi3"
21400681,"AP5Uwb50"
21400682,"yDJAamPy"
21400683,"fvYl8Pcr"
21400684,"Mvh3HlWk"
21400685,"yRLBFpZQ"
21400686,"RlB3FyvA"
21400687,"tTYEGzrA"
21400688,"YAQKn5le"
21400689,"XJl8UpJQ"
21400690,"w016VrHt"
21400691,"JcVuAOja"
21400692,"BetRI6s4"
21400693,"c10Gvuwd"
21400694,"K4sak2o2"
21400695,"334h5fpQ"
21400696,"ftxf779v"
21400697,"jg7FQSQb"
21400698,"o2CNasnT"
21400699,"dBv3VUOC"
21400700,"ZWA7f1wz"
21400701,"wn8rCRMe"
21400702,"YbcP2sNv"
21400703,"mYqTw8fV"
21400704,"DtXha2hL"
21400705,"prjb2Zqv"
21400706,"tZs08BIZ"
21400707,"VP7q4lwa"
21400708,"GsihkBQ9"
21400709,"UW0ncRtE"
21400710,"QJaOA2rI"
21400711,"jYBjYxJv"
21400712,"rKBSUcj2"
21400713,"kbGdwiup"
21400714,"x55YP5MH"
21400715,"8O2eOfAq"
21400716,"9pWcBQ3m"
21400717,"TLLwswDP"
21400718,"Jzn95Xrx"
21400719,"iGRrr8p3"
21400720,"Xrg1QX8B"
21400721,"8PmgrUn0"
21400722,"84SLJDbN"
21400723,"8ipFumfr"
21400724,"8fmYKOuz"
21400725,"RA3Yfcgn"
21400726,"cv7T0cD1"
21400727,"GzigEh2z"
21400728,"KZg4YStc"
21400729,"l5pAR8Zb"
21400730,"tTfysYhL"
21400731,"3sTP6ojX"
21400732,"4tBBbbjC"
21400733,"ElEAFlPv"
21400734,"fHUoQvJr"
21400735,"ktmjsH72"
21400736,"UsLfFdFC"
21400737,"PFr9UpwA"
21400738,"6Z2EvAnM"
21400739,"CjfJOB46"
21400740,"YiyidEI6"
21400741,"K1Tdh2So"
21400742,"0x0LZjCY"
21400743,"9VPPg2zL"
21400744,"GYxKgVoy"
21400745,"dyTPPcoO"
21400746,"2Zv0WMJ0"
21400747,"kab5ZT0U"
21400748,"cjrz8YpO"
21400749,"bbQWHyzb"
21400750,"MLKw9kUF"
21400751,"qibF6U1k"
21400752,"O2hJqEQN"
21400753,"f3pGeMgC"
21400754,"NM80pFld"
21400755,"jMHvIjLu"
21400756,"cwxUQR0H"
21400757,"dcjS2iT8"
21400758,"glYh0lrf"
21400759,"UG3nUFQ3"
21400760,"2VylPzrE"
21400761,"Af63KJXG"
21400762,"Pe109Clk"
21400763,"GyJy1EJt"
21400764,"5vqDBbY8"
21400765,"k1RoF8vy"
21400766,"OGML9sHe"
21400767,"tqCyUaqi"
21400768,"jOXnpT5h"
21400769,"cGAM8Vh2"
21400770,"p9eeQqtB"
21400771,"RAdDjuIc"
21400772,"u4Jvejnx"
21400773,"aJ3DnS02"
21400774,"USaU3MWI"
21400776,"SUXoBj8C"
21400777,"DJDrA3AW"
21400778,"B5PmEbUw"
21400779,"Xa5JmaJr"
21400780,"r23yaKoU"
21400781,"QR9dlVTV"
21400782,"Nwyr1KIE"
21400783,"LMblWuzK"
21400784,"VexciZrK"
21400785,"nbJgwLmm"
21400786,"STi5uRXv"
21400787,"EC9rt7W4"
21400788,"hO4fYNKg"
21400789,"KqFhkTQ5"
21400790,"eYp1tllD"
21400791,"REXqUq18"
21400792,"MAC5LA3W"
21400793,"0V8ivyUv"
21400794,"bM5RAO5o"
21400795,"PHmOfrtz"
21400796,"IjED0Kcl"
21400797,"KhAjutPW"
21400798,"DOtpiZoy"
21400799,"njVruhpr"
21400800,"PsizpLOd"
21400801,"NxDFdKzB"
21400802,"NgtGGL0T"
21400803,"RYZvuNoY"
21400804,"DwPMEG9b"
21400805,"9n6474zG"
21400806,"iiBqURSI"
21400807,"ikBr1Gnb"
21400808,"mGMXxyKR"
21400809,"fi0myoTl"
21400810,"56h7aTx9"
21400811,"cVmLVky9"
21400812,"IYKDM5pu"
21400813,"rPM7dUyy"
21400814,"yczgVCwJ"
21400815,"PKGJlKXv"
21400816,"DUYW7rW1"
21400817,"bQvLqDcb"
21400818,"xMKPS6DK"
21400819,"eH9bfBLk"
21400820,"YY0Ju2E2"
21400821,"HRAhgOWs"
21400822,"CHPnM0qv"
21400823,"rtncecL7"
21400824,"16PFUclO"
21400825,"NsAVTEUZ"
21400826,"PluG8ECi"
21400827,"eyZt323p"
21400828,"Rn0TgJZT"
21400829,"muer9Fbw"
21400830,"t18hPN3D"
21400831,"VPj27VbY"
21400832,"GDE2SFws"
21400833,"CQiYYvuE"
21400834,"Bgr0UscZ"
21400835,"dX61PbCW"
21400836,"cBpNSx0I"
21400837,"3RjF6vo2"
21500001,"yiZnTo9X"
21500002,"UiF88UHZ"
21500003,"tTiM8lfG"
21500004,"MD6dhkZX"
21500005,"JU4SGTms"
21500006,"oRxjxPDj"
21500007,"umVwE7Sa"
21500008,"NK0aYFnj"
21500009,"GxPxazRu"
21500010,"wV9lgWRE"
21500011,"Cg11Nao2"
21500012,"uJEzhmpZ"
21500013,"jJ8TwZ8M"
21500014,"jLy6lu4Q"
21500015,"fEAHOcId"
21500016,"rjI9l9TJ"
21500017,"5GFOeEEd"
21500018,"g4Nrz281"
21500019,"LoGalBsU"
21500020,"pk7gxeDe"
21500021,"wNYpLdvk"
21500022,"pHtYqjqW"
21500023,"dhS7Xj7F"
21500024,"ju5xYgYY"
21500025,"tM2zszj6"
21500026,"OWVV5j2J"
21500027,"5iX7gxbq"
21500028,"FlDC6PUv"
21500029,"8QlamxTm"
21500030,"bepBvrXd"
21500031,"LapYjhmm"
21500032,"vYE1LrED"
21500033,"YX0Pukqt"
21500034,"Uv1kR6kV"
21500035,"xxyJVHBJ"
21500036,"veuauYpc"
21500037,"0xWnJPev"
21500038,"i9eCNFSe"
21500039,"NFOcelEL"
21500040,"6OMCCdgc"
21500041,"HUlUFEYg"
21500042,"II7raCZc"
21500043,"wheJsOnz"
21500044,"P43QQvHv"
21500045,"gdQXyz4h"
21500046,"jclosi5i"
21500047,"qfeWaFMv"
21500048,"2hAe47lt"
21500049,"U9cY5Sao"
21500050,"nI5vQi7p"
21500051,"fgjFl8nK"
21500052,"B3nhhIRJ"
21500053,"HvoseHfh"
21500054,"3UpMwP8K"
21500055,"oq8tkZJk"
21500056,"oOEJvnmm"
21500057,"CUk32nK1"
21500058,"OzPHKshf"
21500059,"SZWDVKPd"
21500060,"1Ni37ePM"
21500061,"ZQELUTKq"
21500062,"qMnT02fq"
21500063,"sOx3E410"
21500064,"mYh6u1QY"
21500065,"irwCw816"
21500066,"lRLCc7HX"
21500067,"bQgZHaqC"
21500068,"u7QuNeuR"
21500069,"afY0FIRg"
21500070,"zMoM88Ah"
21500071,"3yNEPJmc"
21500072,"sKejY85o"
21500073,"TVCKJFl1"
21500074,"mmykpPOf"
21500075,"rpnkLRiv"
21500076,"ii2pGlQL"
21500077,"5v5npR07"
21500078,"eBn6bRO1"
21500079,"k1nIr55p"
21500080,"7sVhjGWg"
21500081,"PuJ9DTpQ"
21500082,"zjNwmcrx"
21500083,"USnlIKjZ"
21500084,"Mx267IIu"
21500085,"ucviaMgg"
21500086,"Ae1TReUZ"
21500087,"Q5AQ5fMY"
21500088,"sYxbDNky"
21500089,"tp9VWlaY"
21500090,"i5u94ind"
21500091,"eMIEZTzm"
21500092,"VB9c5V4P"
21500093,"DEzMNMwZ"
21500094,"5svoFr8s"
21500095,"DuPP9RoB"
21500096,"lIxHcmX2"
21500097,"c1UZrvid"
21500098,"retOZJzB"
21500099,"ZKCqGjBc"
21500100,"BmjrrT2a"
21500101,"OAGtEHCd"
21500102,"bke9ZNla"
21500103,"huYA3Yxl"
21500104,"v3SApDMU"
21500105,"uw268k7s"
21500106,"e67wgTwg"
21500107,"HUzkKW7x"
21500108,"rzJvnbXV"
21500109,"9FMijEMi"
21500110,"3f4ACPeb"
21500111,"p6ddVGu5"
21500112,"U3oiimMw"
21500113,"07xpnJMZ"
21500114,"FQuJMaRE"
21500115,"A5UdzPqJ"
21500116,"ud9Mo4Vw"
21500117,"NQhusxNQ"
21500118,"93ndUDLm"
21500119,"d2AeZgOv"
21500120,"isq9sKz2"
21500121,"4PzIIfUj"
21500122,"hciSur3a"
21500123,"KNLMnTtQ"
21500124,"9iHkSyud"
21500125,"7xidEXfc"
21500126,"fHEsaQQe"
21500127,"ZCGMbTzJ"
21500128,"IDJ2hsSr"
21500129,"CIBiVFTf"
21500130,"ci7rSz4t"
21500131,"9K4XukeG"
21500132,"DXFTf2Ia"
21500133,"ttYpiSrf"
21500134,"kbj2OIWp"
21500135,"EwXdSgEm"
21500136,"UyMBVvJw"
21500137,"m1zdHGU3"
21500138,"b6EQdcXd"
21500139,"zgOox8aw"
21500140,"k9zGdaBk"
21500141,"PUCe6eZY"
21500142,"FCppn9JS"
21500143,"nPSfL7Ni"
21500144,"BusYrG8Q"
21500145,"WubnuoGU"
21500146,"yE00db7A"
21500147,"cZkIoPRp"
21500148,"EmqbMUjM"
21500149,"3qAznQVe"
21500150,"a2EGv30q"
21500151,"4RjBZ2qN"
21500152,"607KjtN0"
21500153,"LRKQ46jk"
21500154,"AThdoM2t"
21500155,"IhqdsBuk"
21500156,"R7FjwW1d"
21500157,"a9VTzsXk"
21500158,"FWR7SelV"
21500159,"as6QTjq1"
21500160,"ZoOpeD7U"
21500161,"ORretO7I"
21500162,"vNCspj0p"
21500163,"3zclXQVC"
21500164,"j4ew7Qql"
21500165,"TyKZmZOb"
21500166,"yrtGf8EG"
21500167,"bjPcjraZ"
21500168,"wf7VFrsi"
21500169,"yiz2V6g4"
21500170,"aMJntvTo"
21500171,"h5YjgaGI"
21500172,"iSSniyRc"
21500173,"36NeZ9HM"
21500174,"WP7IJT3R"
21500175,"AZcEduqn"
21500176,"fk7yLG6s"
21500177,"x9oWNGp2"
21500178,"hm48lUiE"
21500179,"6KjAat10"
21500180,"8spbqEgf"
21500181,"cy2J5NLX"
21500182,"kojMLcLL"
21500183,"bkYF3UuF"
21500184,"BjfLzMm1"
21500185,"HigN3q8J"
21500186,"QS1C2tol"
21500187,"hpgrNlzP"
21500188,"ImbCNTfs"
21500189,"6ZZTtbvp"
21500190,"2Fl0Qvqy"
21500191,"6S0mTAis"
21500192,"BA9PQBAP"
21500193,"KCPbZ68M"
21500194,"raK3DU73"
21500195,"I7VsiHkr"
21500196,"pKm3r7Mh"
21500197,"MAPvqqJU"
21500198,"cILmdMhK"
21500199,"NW4ZKYvJ"
21500200,"lwSvdSKP"
21500201,"HW5Eh31c"
21500202,"8IDqz7uJ"
21500203,"HZ87ubZT"
21500204,"NIVSuqkR"
21500205,"NDbTkknU"
21500206,"633vpZDq"
21500207,"ZRXQ5BjR"
21500208,"yPDSIkvq"
21500209,"J67qv88c"
21500210,"pN02BNOS"
21500211,"yDJtTSMQ"
21500212,"H24ST15w"
21500213,"3ACPYIUg"
21500214,"HMu3ueos"
21500215,"VOnho2yO"
21500216,"b8e44lPG"
21500217,"unW8du4Y"
21500218,"6HVzWsCk"
21500219,"QZrIxcKl"
21500220,"BGTtLjI7"
21500221,"z9CL4Y8H"
21500222,"NjYjD3TN"
21500223,"s3TRHcEg"
21500224,"pTarlZHC"
21500225,"af0YYHSV"
21500226,"Z1BZiMQW"
21500227,"RYhRygLs"
21500228,"CwopKUvj"
21500229,"pMrPW2Vx"
21500230,"NvYShXfr"
21500231,"SpSchr7i"
21500232,"PhO4PgQ8"
21500233,"3yknorrn"
21500234,"HBPcYNcg"
21500235,"Ddh4QKpY"
21500236,"PBN43IXJ"
21500237,"2srryCw0"
21500238,"JBi2aLR3"
21500239,"4FX7bDDE"
21500240,"6O5IvM1j"
21500241,"9WkOBcND"
21500242,"8r7R9x4K"
21500243,"VPDAzZv8"
21500244,"4JRiU15A"
21500245,"ZJ5iYLbI"
21500246,"NuyynGX2"
21500247,"ySHIROnd"
21500248,"K7fZ8Pvi"
21500249,"QeTLyjau"
21500250,"vYms8Pij"
21500251,"CTarX3Am"
21500252,"e0pUgkiC"
21500253,"I2e5VJtZ"
21500254,"gGEFCBZc"
21500255,"P2DBBuEq"
21500256,"LWRdqhh7"
21500257,"ryOBpJZ5"
21500258,"bwh0JaB4"
21500259,"8RQ0q1r1"
21500260,"WSkw7GUo"
21500261,"9bgNq4Hn"
21500264,"FMJsjLTR"
21500265,"KMWQgRXu"
21500266,"naLbwjwe"
21500267,"z0lRKPPJ"
21500268,"1MgDeno1"
21500269,"mH5ZbZdH"
21500270,"YxfoEvDz"
21500271,"pBisLFol"
21500272,"CZj08OkU"
21500273,"QwLJm0cQ"
21500274,"Kfmua2MV"
21500275,"aIMTBl0K"
21500276,"oyWLO2rn"
21500277,"yS1dry1M"
21500278,"EzcRlKv5"
21500279,"8I5ZcuAf"
21500280,"re09v5a3"
21500281,"jcvVZkCO"
21500282,"CCIZctcE"
21500283,"lDKorTZv"
21500284,"nWRDOsry"
21500285,"y0Qu6PxO"
21500286,"3hk69gMV"
21500287,"MtAKoClH"
21500288,"1ffLuYKi"
21500289,"gekvfn2b"
21500290,"gaWU7CAi"
21500291,"LwzJbShL"
21500292,"IZu3phjb"
21500293,"AtJzH5FB"
21500294,"AESgLrGh"
21500295,"h70e2DWN"
21500296,"qUkXBBTB"
21500297,"OCVv8Tkx"
21500298,"AmTKouj3"
21500299,"Kz0JcpF0"
21500300,"ZDjKijZq"
21500301,"WXe1vWDk"
21500302,"MgbnjjwQ"
21500303,"gRTQk4wG"
21500304,"d3F3UVrU"
21500305,"F0x1jh9s"
21500306,"NcjC670y"
21500307,"aIV2z1iD"
21500308,"TI7RWHff"
21500309,"V35iyDn3"
21500310,"kjy1MQMf"
21500311,"jKsSPTia"
21500312,"7bB92JY0"
21500313,"x1R8r9Ai"
21500314,"EYKjutrk"
21500315,"yUlpFS7o"
21500316,"s67rOlTv"
21500317,"nSy92Ame"
21500318,"jnElzTfu"
21500319,"NeMKBhea"
21500320,"bzn4xrGn"
21500321,"sX3v7AVD"
21500322,"lCXmJyFZ"
21500323,"ulFIpfKB"
21500324,"yrBNHEk5"
21500325,"96IKlSqk"
21500326,"d8eNRRJq"
21500327,"W70xjjWh"
21500328,"3AnTbQKR"
21500329,"idnPuWY9"
21500330,"EqcRc2TQ"
21500331,"FuPemQuY"
21500332,"SZKjC7df"
21500333,"oTFurJDa"
21500334,"AWTGfIx5"
21500335,"vRMJkuiX"
21500336,"RvWSGgDN"
21500337,"CDc4mNsE"
21500338,"tPbtoAcl"
21500339,"fGe0Lm0x"
21500340,"xfwlrCeM"
21500341,"n969Cn1E"
21500342,"B0o72jvV"
21500343,"obEvR82n"
21500344,"xYenhmVV"
21500345,"jAgtlhx5"
21500346,"h73DpkGW"
21500347,"4axYbJvq"
21500348,"rYAsnn9l"
21500349,"aFPvOQtV"
21500350,"e91Fn3mm"
21500351,"KDfCIRrV"
21500352,"5NJg92U8"
21500353,"Tnz711Rk"
21500354,"CXAHusFS"
21500355,"5eieSjIy"
21500356,"XjWnYLUG"
21500357,"CYdytgTN"
21500358,"aNWhidNH"
21500359,"64mre4q6"
21500360,"l67xqw94"
21500361,"NWxNVg1q"
21500362,"DXMREqvf"
21500363,"dATt7GBM"
21500364,"etDdUyhp"
21500365,"mrSkCuuE"
21500366,"jtW5jr2T"
21500367,"hJCWPJMs"
21500368,"XkgfZR39"
21500369,"hUdktoQx"
21500370,"aRnRCZ2U"
21500371,"pjBLxwp6"
21500372,"BrrTljsD"
21500373,"OyuImRnL"
21500374,"EzDCol0d"
21500375,"xp7UqUxI"
21500376,"QTkNaZFJ"
21500377,"Zy9wvSGb"
21500378,"mi31kQE7"
21500379,"FKXR2TQR"
21500380,"tgKATqsT"
21500381,"PRwVFKtl"
21500382,"9rQ1f6qG"
21500383,"WD1kMaXX"
21500384,"2QW6xt03"
21500385,"R6zkjnk1"
21500386,"8Q7xoorl"
21500387,"khsQJwfW"
21500388,"Q2uSDiE1"
21500389,"B7Az12r3"
21500390,"VvTwKjvF"
21500391,"dOQtzpEo"
21500392,"QoY7CYgE"
21500393,"3U7KQPxX"
21500394,"Jq6wam9X"
21500395,"TBztZK7r"
21500396,"J9y494wz"
21500397,"s3xBNo64"
21500398,"SSjuTWA6"
21500399,"gYsYgaZN"
21500400,"XGm0weRH"
21500401,"GQnbZ4Hc"
21500402,"qJze1tVz"
21500403,"6ETgLwPs"
21500404,"Nh1YChM8"
21500405,"v7c7bqVD"
21500406,"AegmouAO"
21500407,"qrRPJQP1"
21500408,"ibhUHPub"
21500409,"HYQBV1Ir"
21500410,"QFIEE7o3"
21500411,"iAg73xhA"
21500412,"KMmAJBaX"
21500413,"YAGpKuEw"
21500414,"PwL9R0o0"
21500415,"0VLowURz"
21500416,"shwUdc8o"
21500417,"6yOS0U7d"
21500418,"dcmsQYud"
21500419,"NU2skqTi"
21500420,"J5JTuJTg"
21500421,"gWeZoRhe"
21500422,"2JF1Bfa3"
21500423,"daz3iiL2"
21500424,"zuo58CNa"
21500425,"dpRGckjs"
21500426,"LGPEugBp"
21500427,"p1bRSeYx"
21500428,"AWy5Sokf"
21500429,"tHdVTRUb"
21500430,"cij9PKRj"
21500431,"2dtaGEGS"
21500432,"mctKioDx"
21500433,"W9fIcYWF"
21500434,"iSoht6mN"
21500435,"Z8AmnmQV"
21500436,"fh7sUNOn"
21500437,"eS6fxwzA"
21500438,"0DzEjczW"
21500439,"hcVV4PPU"
21500440,"3e9IPYnb"
21500441,"LtgS5jf9"
21500442,"0fdRIfRQ"
21500443,"7G09e7zg"
21500444,"ZTrcvOUk"
21500445,"oYtvRzVF"
21500446,"KXTvxZ8H"
21500447,"csPp8OKY"
21500448,"GL45nnd5"
21500449,"3LsQ9kqI"
21500450,"VjspHnVt"
21500451,"2owVAlRT"
21500452,"q66cK05p"
21500453,"obW3Omxf"
21500454,"xWhEuB9C"
21500455,"dGwoMvRh"
21500456,"1AJBdFZT"
21500457,"8wJNEeXq"
21500458,"NGTWHolg"
21500459,"FZqZtQOG"
21500460,"mlrQcqxb"
21500461,"w4FJNuuw"
21500462,"k0y3jQ6W"
21500463,"Z0MJom3h"
21500464,"ukkBQgp7"
21500465,"rfCEqQYD"
21500466,"7UnFClw5"
21500467,"Oshvgyww"
21500468,"rA33kSCQ"
21500469,"ZbQfoQkm"
21500470,"ELQPx3ej"
21500471,"8yMjAmEM"
21500472,"52SP2GCv"
21500473,"UxgLvtQc"
21500474,"O6SRW1SO"
21500475,"22D9HW35"
21500476,"cXtYAMPN"
21500477,"jXs3HWBR"
21500478,"JBrJWvZj"
21500479,"n33XSD7i"
21500480,"b0e79kLo"
21500481,"YB0wkHkO"
21500482,"WLm1VW2l"
21500483,"1fGs0sim"
21500484,"CJKozwJx"
21500485,"8vzum7cJ"
21500486,"0KsJYER8"
21500487,"k9PvOblW"
21500488,"DN0XEHev"
21500489,"E53h2jxD"
21500490,"kg2zSD93"
21500491,"RzfEUDNU"
21500492,"hZNmvW5c"
21500493,"5pNKb3sX"
21500494,"vzAtTBey"
21500495,"pWLbQe9R"
21500496,"KvIxCALV"
21500497,"qeh6T9Ny"
21500498,"yH6BRewj"
21500499,"NPy08azU"
21500500,"vGHXL33E"
21500501,"vGPPDxd0"
21500502,"staVwmJd"
21500503,"p5R6p8xi"
21500504,"qHUA5mAL"
21500505,"pnN2Kfbe"
21500506,"eGgtrAAz"
21500507,"Os9rbiYr"
21500508,"oUVlc1s0"
21500509,"m5g2tFU4"
21500510,"kYS4jxkc"
21500511,"PU592cgp"
21500512,"k5M19UVt"
21500513,"RjIp7XQ7"
21500514,"G61L6Wl5"
21500515,"1IxuazAV"
21500516,"ODosEK85"
21500517,"Hh0l9FI6"
21500518,"UufFnDbT"
21500519,"QVzp4x3U"
21500520,"t40ZNfjy"
21500521,"p0Ff52Cg"
21500522,"MViEZwEZ"
21500523,"S1pDEt63"
21500524,"7ljumRDS"
21500525,"5XWsz8tn"
21500526,"iMaxUa4N"
21500527,"8NdvkzZd"
21500528,"I1VU9kfY"
21500529,"NHnTR3yr"
21500530,"WKYr8zW8"
21500531,"q7goDvYk"
21500532,"4kBQZbEN"
21500533,"8DYvcGpf"
21500534,"vfGIATwW"
21500535,"1KNoLrpq"
21500536,"DG9waY5t"
21500537,"UinwG9AD"
21500538,"qcSHtyly"
21500539,"u3K6I8Av"
21500540,"oCTz57lU"
21500541,"HmEJPFSX"
21500542,"6Kp9leoy"
21500543,"I2nJM3EP"
21500544,"TWGuP2qp"
21500545,"mLv9svG1"
21500546,"mHZblCzJ"
21500547,"XjU0BmQA"
21500548,"KllBeSae"
21500549,"LBFbJLvj"
21500550,"5cKj4COC"
21500551,"dSgCsn5l"
21500552,"bKUtMwiy"
21500553,"PMQjYlH3"
21500554,"XriRXT2n"
21500555,"uXEOJiKM"
21500556,"Z7TSfO4C"
21500557,"LILbal6s"
21500558,"eQqnpT7S"
21500559,"V5AXotN9"
21500560,"Kd8tzzUA"
21500561,"P2eisncH"
21500562,"u5nSSYf4"
21500563,"rzf9sqcJ"
21500564,"ZDOAauQM"
21500565,"gm2gR8pL"
21500566,"aqZb12sO"
21500567,"gD8v7fdG"
21500568,"ocKDl0Y2"
21500569,"h6VuKX8w"
21500570,"4bHpNfWP"
21500571,"WdQeXAys"
21500572,"MwCqi6M0"
21500573,"pFM9QIp8"
21500574,"H62ShwwT"
21500575,"TraxOJqw"
21500576,"iBDKlffM"
21500577,"BBVOKt2W"
21500578,"ZdLvYMZk"
21500579,"DI42BCOt"
21500580,"Qvo6adwE"
21500581,"J9q4WQmc"
21500582,"kdP1j8jY"
21500583,"C0qLPolL"
21500584,"svKvCGtK"
21500585,"AICZcDfL"
21500586,"cTaRypYl"
21500587,"FSG3APRc"
21500588,"FaU3GsrU"
21500589,"l4Per8tm"
21500590,"Vqfvbefy"
21500591,"UDIrvoLZ"
21500592,"bRaxcz2f"
21500593,"1y8G9X03"
21500594,"ttRMOs6l"
21500595,"YQ4O6FvT"
21500596,"iOtyZ6Wg"
21500597,"4UJXipzo"
21500598,"WT9iX33r"
21500599,"4yvtDwC8"
21500600,"eolgR1Nk"
21500601,"fhNEVeSG"
21500602,"hXK1LsZG"
21500603,"CtGBzSbm"
21500604,"XRQtIPVZ"
21500605,"DhpBYXIY"
21500606,"trl1PSd4"
21500607,"iPcYOM08"
21500608,"fby86Ob1"
21500609,"KeE2pm1m"
21500610,"ffL5zHfP"
21500611,"rY4Hs25U"
21500612,"kQT4g72n"
21500613,"cRh0QZg5"
21500614,"syfAct7V"
21500615,"JjiEV4WM"
21500616,"zzqCZ5Xa"
21500617,"pMJagzL8"
21500618,"EC9Fqkux"
21500619,"qdPNV6jd"
21500620,"iQ8ks1Zv"
21500621,"yRbSvvbd"
21500622,"apX3zKWH"
21500623,"nK59gO5s"
21500624,"oaMlafTT"
21500625,"V2ZxNRgP"
21500626,"0A05wQ48"
21500627,"F61FyKJ1"
21500628,"jRQcYEgR"
21500629,"KaBufRoZ"
21500630,"33PKn5Ff"
21500631,"LH0rn3w4"
21500632,"U4hmzyqy"
21500633,"Ew5FPe6e"
21500634,"xeeKrWVi"
21500635,"grKAN8Sz"
21500636,"4ASOnY9Q"
21500637,"Bdp0bZur"
21500638,"E2ZtMfrd"
21500639,"zybE2hY3"
21500640,"ONf8WVmy"
21500641,"mdqrqwoQ"
21500642,"iZZWbIDX"
21500643,"zChjdUGy"
21500644,"TcgBmSa8"
21500645,"PvhMLH8r"
21500646,"DlIVMxYS"
21500647,"1BZibMUi"
21500648,"GeRnfI7G"
21500649,"9whhpNxw"
21500650,"mgtJTq47"
21500651,"s61sy5gP"
21500652,"ChtfWATE"
21500653,"n7k20zM5"
21500654,"z7TXFxih"
21500655,"grh9PQRf"
21500656,"zgJWcXV5"
21500657,"STurtlcv"
21500658,"XI0fjar8"
21500659,"zge7uhlh"
21500660,"xgbOixJH"
21500661,"D1UaQtsE"
21500662,"aEoeyfaZ"
21500663,"e1Vo9TiU"
21500664,"5jOlKaex"
21500665,"qes0wvdi"
21500666,"RkAx4bRb"
21500667,"AOWgX119"
21500668,"YmyuC0il"
21500669,"fznFPeT3"
21500670,"offlIoFH"
21500671,"J7eChk17"
21500672,"4ibAo8PU"
21500673,"ZYi5RsEx"
21500674,"PxtHp7X7"
21500675,"J6K1Wi5x"
21500676,"siT8mbZ7"
21500677,"UuV5XNSa"
21500678,"OfCeoI7w"
21500679,"P0A1u7Lt"
21500680,"0kgL3cOj"
21500681,"gbDn74j4"
21500682,"8RULr3HL"
21500683,"SwZ8w9c0"
21500684,"OupX5YZA"
21500685,"Fxs5IqH8"
21500686,"dZU8xMwV"
21500687,"l2QoeNR0"
21500688,"KR1urou6"
21500689,"yAJzDqaA"
21500690,"IPQSOvqz"
21500691,"i3SDnXrg"
21500692,"34bn7KzV"
21500693,"EQ5gRva4"
21500694,"iC7ZZgX6"
21500695,"epkQrT9S"
21500696,"Wd4QaGhU"
21500697,"QoB0GDz6"
21500698,"J9vyRewp"
21500699,"30PiTffV"
21500700,"jiU89c7f"
21500701,"M9Q4dj1q"
21500702,"IBUma75K"
21500703,"SYDAOiIo"
21500704,"xhA6QRCo"
21500705,"XPHyn9ZO"
21500706,"t3VUcoj6"
21500707,"010IYR2J"
21500708,"hMfiwABy"
21500709,"hGS9lAkY"
21500710,"ujIulhIY"
21500711,"yfrYmLqm"
21500712,"6tvAgh4M"
21500713,"eKl9JONW"
21500714,"kBSb3QIv"
21500715,"JowJPy33"
21500716,"jlL5pIpR"
21500717,"NA8oJwuT"
21500718,"ow1hN21O"
21500719,"q7JcLuQW"
21500720,"SMr5A8TN"
21500721,"sj8qEVdA"
21500722,"4B2CxIPR"
21500723,"NvTuj4xc"
21500724,"F3OmNtI3"
21500725,"gntyJdct"
21500726,"7neZ4w0c"
21500727,"B65ZfpOq"
21500728,"rDLtZQ0W"
21500729,"LYVBSH5N"
21500730,"AY2aTHyk"
21500731,"pZGtwwoo"
21500732,"N4hs0ahh"
21500733,"GP7vJ9Ik"
21500734,"Qm2ZFAiz"
21500735,"cUHwd0ST"
21500736,"tISzvQ10"
21500737,"ZeHDNMkc"
21500738,"e4PrJmUy"
21500739,"dXZkf826"
21500740,"azEAn8Ej"
21500741,"CnoieY2G"
21500742,"ekAqNNtW"
21500743,"m71S77fc"
21500744,"hBZleQRX"
21500745,"P0HfLJAY"
21500746,"FUVPIOQW"
21500747,"AkbRp35e"
21500748,"g77MOT4Z"
21500749,"Kb1Aqgpj"
21500750,"ns9c19c6"
21500751,"NkAuPU9k"
21500752,"nB1Nb3Y0"
21500753,"70BPUnfm"
21500754,"cA6tsZNR"
21500755,"MhfHWvhx"
21500756,"fDL5X6TE"
21500757,"swJagnb9"
21500758,"FRUXkh7T"
21500759,"egwLxbYp"
21500760,"rj3UwiVL"
21500761,"l7mLs6m0"
21500762,"0Km9fwVb"
21500763,"FrUeDPPd"
21500764,"ZaLHGKgA"
21500765,"ZIGXd0OD"
21500766,"8JXI88Yh"
21500767,"psaDacAH"
21500768,"pAqywWd8"
21500769,"fd49Au7M"
21500770,"DJ4QbWQo"
21500771,"F5NaduVn"
21500772,"XsLEm6Qr"
21500773,"dnjglfQL"
21500774,"TgMqWuvO"
21500775,"HjUfaBsw"
21500776,"Aig96p0Q"
21500777,"2tCKhgfe"
21500778,"pTQ6khzb"
21500779,"MDSZaJhc"
21500780,"xpTmwUdQ"
21500781,"lz47KCUz"
21500782,"Nd2dOawv"
21500783,"I7OCtH2Z"
21500784,"9SDw9K7O"
21500785,"GN4tVIel"
21500786,"FguxQl4Z"
21500787,"tQMFB2P4"
21500788,"E0ipBdSh"
21500789,"0HAYmuLV"
21500790,"IpXzACJv"
21500791,"QdQLhbPJ"
21500793,"oL8pN0Q4"
21500794,"KHgyg8MP"
21500795,"lQ30iCRv"
21500796,"E8CHcTMn"
21500797,"RVw19LPJ"
21500798,"azMbvShI"
21500799,"BBDLhbng"
21500800,"xNP6McSp"
21500801,"PeNuT4U1"
21500802,"Ue627FQX"
21500803,"HwNk5b25"
21500804,"Q3QiFwZf"
21500805,"vO0thS37"
21500806,"xPUPJilA"
21500807,"0pude2vx"
21500808,"MqKogoJU"
21500809,"PmaTK0Mj"
21500810,"0F7x7i3U"
21500811,"kzYKEdak"
21500812,"eiNPs31R"
21500813,"QKqFqvlf"
21500814,"vKYz4Uzh"
21500815,"CA6KUoRk"
21500816,"ygEjha72"
21500817,"q0rrsu5x"
21500818,"X22YsMVu"
21500819,"1STCPFmH"
21500820,"2sjchZYY"
21500821,"vHJS16RV"
21500822,"KzX4BXpw"
21500823,"pJUcJ2Bn"
21500824,"rfdDm5jO"
21600001,"IZqlrAe4"
21600002,"rXClijD1"
21600003,"JAUYzHAo"
21600004,"Yaph4P1t"
21600005,"mP40ylcA"
21600006,"2Ris1P9r"
21600007,"0vOfhf0q"
21600008,"kdtbcNz1"
21600009,"Cr9Ti1TI"
21600010,"uTSlkenY"
21600011,"U5WPKM5Q"
21600012,"CEXePFHH"
21600013,"jv6XXmSn"
21600014,"iKBGTDfh"
21600015,"Au0T7ETs"
21600016,"tAvDogB2"
21600017,"3s90tb4l"
21600018,"H89bQXOY"
21600019,"hI34M7mt"
21600020,"0wzrHPLW"
21600021,"we5cgbnm"
21600022,"fKdZjXfD"
21600023,"qWE0YwJV"
21600024,"Tz2V3JNB"
21600025,"me3xpBoU"
21600026,"FCkd3u5p"
21600027,"WtYIr2E0"
21600028,"IjYWuHI4"
21600029,"GGyR5lUQ"
21600030,"GLJFJXKf"
21600031,"fUjVgYlE"
21600032,"XvU4UxKf"
21600033,"Dr2Dv6Yi"
21600034,"iDPGt9LY"
21600035,"o7ELcsGD"
21600036,"vxqB3Qdr"
21600037,"cn2pkQwm"
21600038,"yor7AIiZ"
21600039,"idNW88o7"
21600040,"gYBk8oCu"
21600041,"TXEteold"
21600042,"JWFsvkqO"
21600043,"QCyr4Jnh"
21600044,"wtaMIMLW"
21600045,"bsc2exzA"
21600046,"LAFFyXTo"
21600047,"4gQ2bdVE"
21600048,"0Z0Rxxfi"
21600049,"akmayAcO"
21600050,"c2w2Ycc2"
21600051,"bhlmO13W"
21600052,"elLw6m61"
21600053,"RUfbF1Af"
21600054,"UmYxwvOs"
21600055,"9djULgB1"
21600056,"Q5iId07w"
21600057,"er9ZoKe3"
21600058,"v8XWeop4"
21600059,"UAwfdMAo"
21600060,"8mviwWw9"
21600061,"XlGGBekT"
21600062,"BEYGrOGw"
21600063,"otsRzdIE"
21600064,"6q23NaBc"
21600065,"X8LteOrs"
21600066,"laOVwl1C"
21600067,"vDLXrjGU"
21600068,"nXSPDUnx"
21600069,"oBX62irY"
21600070,"EpgwcWmu"
21600071,"PQrWrLD5"
21600072,"0bjs6sbd"
21600073,"u2WsIETv"
21600074,"2npcFtRi"
21600075,"ecAY30lc"
21600076,"DseA69vY"
21600077,"AqPBEP4V"
21600078,"lUBQuIbd"
21600079,"gS3DhSVR"
21600080,"haMx8KDU"
21600081,"OGzfgJwF"
21600082,"FyP9oHtq"
21600083,"KRSVy2CJ"
21600084,"jJefBbnv"
21600085,"3jXZfAt6"
21600086,"U9on2X5O"
21600087,"ftQCmdAh"
21600088,"9Xd3sKjc"
21600089,"G45HiM9B"
21600090,"j0kdcTXr"
21600091,"1f4bGp7m"
21600092,"mvVyfBE4"
21600093,"whMK8MSJ"
21600094,"4tpCmMBM"
21600095,"s9YJxftn"
21600096,"G6QJzgL0"
21600097,"zBvFba3M"
21600098,"PJkHUMAY"
21600099,"5sFv2YgN"
21600100,"3LNhXVWk"
21600101,"kBLG7kw9"
21600102,"PyFS2lGD"
21600103,"oKdpYtVo"
21600104,"Q4HE2wbv"
21600105,"Jehidugv"
21600106,"f39fMvhQ"
21600107,"b31CEW7i"
21600108,"8nPJGCz4"
21600109,"9478KNjq"
21600110,"WRx0I2ua"
21600111,"MOfyigsm"
21600112,"vw9aPvjt"
21600113,"JNuyUD72"
21600114,"ygJNvJvG"
21600115,"yOfuZzgj"
21600116,"G0v9y7iy"
21600117,"gExJU2SR"
21600118,"NU0oDoF0"
21600119,"2jMCGXsn"
21600120,"aTh05bST"
21600121,"WxUZQP9g"
21600122,"eNmkDSvD"
21600123,"aWohUXKn"
21600124,"ahrvxXiz"
21600125,"rbeAaCp5"
21600126,"9HQfnEBx"
21600127,"y2UytSe0"
21600128,"jZAGnL8w"
21600129,"ETXJR63y"
21600130,"bQIQ4cSl"
21600131,"TTABd8qC"
21600132,"tSpVhAGN"
21600133,"VuQtIfgV"
21600134,"Qy0Ktmu3"
21600135,"PCcFjDkg"
21600136,"hHywR4WZ"
21600137,"GmahiAXx"
21600138,"CJpZt72l"
21600139,"D1YNISYL"
21600140,"3JMkCnv6"
21600141,"ITvjPwEh"
21600142,"useWxoVz"
21600143,"D08DuCCK"
21600144,"WNkX7Xvy"
21600145,"jf0z1R7V"
21600146,"e7g5JZ8A"
21600147,"jnnFLLCY"
21600148,"LWynVyDs"
21600149,"GrSJsPXF"
21600150,"aUkL29ji"
21600151,"jHyL9ncI"
21600152,"Rr7nLIYP"
21600153,"9679C42Z"
21600154,"y1qYTIx6"
21600155,"xxaFET5i"
21600156,"lWtoiewz"
21600157,"iyRJsxYB"
21600158,"Q8dXHBvB"
21600159,"FYwc1xsJ"
21600160,"WOQi6FVH"
21600161,"BxgUB7tl"
21600162,"ArGhohtr"
21600163,"D50d4rWI"
21600164,"zW4fB7GA"
21600165,"Z3D5vp3z"
21600166,"RsBntgQ6"
21600167,"c2ibqfTR"
21600168,"x33unrbl"
21600169,"UBNwx2QX"
21600170,"dSjsWKvD"
21600171,"wTdvrEMt"
21600172,"WRGPMc1Z"
21600173,"AizxWSpn"
21600174,"1mWaz25x"
21600175,"blJHaQHq"
21600176,"b19BBNAQ"
21600177,"69FgLOQ0"
21600178,"ke7v0hSU"
21600179,"pp3CauzH"
21600180,"ViXNEcSH"
21600181,"XuxaFhAI"
21600182,"4WMndM2I"
21600183,"wtS9W3Wm"
21600184,"sfiF9TYj"
21600185,"yTvEnni9"
21600186,"7uKQpbkn"
21600187,"8kPovHli"
21600188,"pI8kO8Vg"
21600189,"8wlRagmz"
21600190,"RqTklt38"
21600191,"jaVxM3Os"
21600192,"OZk2XFS4"
21600193,"4lAfBydP"
21600194,"IIu8krkt"
21600195,"1ubxKsTs"
21600196,"qe2LBpAi"
21600197,"DDCE9Qxx"
21600198,"Hgo6KuZ6"
21600199,"T8BabPm1"
21600200,"TXGmaSGU"
21600201,"1cRmeYWs"
21600202,"ch5m2fMe"
21600203,"Ecy0QdwV"
21600204,"zwbw3M6y"
21600205,"JPkg8dbH"
21600206,"C3Iqjyex"
21600207,"73h9S17y"
21600208,"IxT6Rnfc"
21600209,"F9UIiFmi"
21600210,"FbRQ43Tu"
21600211,"k3Hbmnd1"
21600212,"lonsGbbo"
21600213,"NDVNSiwR"
21600214,"9YsHzOgS"
21600215,"2bd2Zwlj"
21600216,"KloEjJ9e"
21600217,"y8GnfWWZ"
21600218,"5wbuQdMH"
21600219,"y7w8WrWZ"
21600220,"rJxRoB1Q"
21600221,"QR9Vugte"
21600222,"nyTqoXPY"
21600223,"LKYV2Uj7"
21600224,"bpSTyqN4"
21600225,"kS1YBAux"
21600226,"ULZST2VG"
21600227,"Oi84sGMo"
21600228,"zFWcO794"
21600229,"nlLwYxr9"
21600230,"rnv2Gr5a"
21600231,"IpvtUnga"
21600232,"WTKfGBiS"
21600233,"OkozaPEu"
21600234,"AH49O8Jd"
21600235,"AmkE2uUW"
21600236,"ZBhUMoeB"
21600237,"D8txgd9z"
21600238,"azfmeWou"
21600239,"g2ZdCIUl"
21600240,"2q2o59sm"
21600241,"YyfGBN6t"
21600242,"Jl8tFRa5"
21600243,"uGptesoa"
21600244,"aDltMUdI"
21600245,"cp3avB1b"
21600246,"2WxMVmA4"
21600247,"ed1qfqgA"
21600248,"sVLUu04x"
21600249,"VAU1l5gw"
21600250,"NOlrkwWp"
21600251,"9rMDiqgw"
21600252,"rig2TuQ1"
21600253,"RkP8Ko9X"
21600254,"VObVWZgd"
21600255,"WHbk9vz9"
21600256,"5idzMz0M"
21600257,"OgDzH7dU"
21600258,"O2cmcSDI"
21600259,"rq1PXMdZ"
21600260,"36O0GCu0"
21600261,"5KlXRtuk"
21600262,"zjIvqOaz"
21600263,"fJmzP566"
21600264,"wG8ABppH"
21600265,"mTABsFwq"
21600266,"oQaDTcrT"
21600267,"vtC1dgZi"
21600268,"0lkO8EjY"
21600269,"NIBlg9MA"
21600270,"tFa2QlYU"
21600271,"kZtusBin"
21600272,"PWGuwDw7"
21600273,"plLfhE3R"
21600274,"hp4KYAtx"
21600275,"BKqWGYPB"
21600276,"WmM6iHqE"
21600277,"CKR5ZTCl"
21600278,"7dSWZZJa"
21600279,"4N8b03Se"
21600280,"yy45HJ4a"
21600281,"ecFaJYVq"
21600282,"XE67vioJ"
21600283,"Sjw659N7"
21600284,"yk2D62Nd"
21600285,"YY7GML4X"
21600286,"dTpAOwtE"
21600287,"HlaBCoSf"
21600288,"V97Ydpqo"
21600289,"llsYRfOX"
21600290,"n5DIWEKJ"
21600291,"q3DIRgC0"
21600292,"REs8rFHR"
21600293,"vShtEjpG"
21600294,"LxpTreLt"
21600295,"vOhFl7Lv"
21600296,"CYRCw8CV"
21600297,"X2oCcBnN"
21600298,"O190jRQk"
21600299,"SBnDwZEN"
21600300,"qfzTsCaz"
21600301,"pDGHr4e6"
21600302,"YsKDxyXh"
21600303,"9oCMDQMN"
21600304,"xht0jWIg"
21600305,"6qxph6iZ"
21600306,"bkvJqvOZ"
21600307,"jwP03shX"
21600308,"8mkMsxcR"
21600309,"QP56Kv7i"
21600310,"C73iibw5"
21600311,"q5o8oj1f"
21600312,"rmz27LoX"
21600313,"hrSch6IX"
21600314,"2bZdgzho"
21600315,"0AtizajS"
21600316,"5KsDAacI"
21600317,"rgoPW4Q8"
21600318,"b9mHJ4pB"
21600319,"PFdy1jjO"
21600320,"zhanigjS"
21600321,"IMzcXlTr"
21600322,"DfLm2bWS"
21600323,"ZpBqa6AP"
21600324,"XDn6UsCp"
21600325,"lYgeYNzp"
21600326,"OlxfG0C8"
21600327,"dE51V294"
21600328,"PvstzgOP"
21600329,"RO1JgxOO"
21600330,"Z37qTdoF"
21600331,"ew1jB0uJ"
21600332,"j9KTQr4T"
21600333,"gAH4nUoK"
21600334,"moWtvOMM"
21600335,"Yzswu7ap"
21600336,"kXqjaMgJ"
21600337,"LAjqnldC"
21600338,"eyIvKH2C"
21600339,"zpLqEjGU"
21600340,"KFsOZsIc"
21600341,"tsPZjopW"
21600342,"L6NHCzvU"
21600343,"8TjqoFWv"
21600344,"dlNGUygt"
21600345,"HvMHaRNR"
21600346,"dX2uX0gy"
21600347,"TN2l4KaZ"
21600348,"ESJLpnbj"
21600349,"wuk7z9EW"
21600350,"oTcEZsfe"
21600352,"l6F3oBHh"
21600353,"mzdEcbC3"
21600354,"YKDOH7oo"
21600355,"LHDgLrFi"
21600356,"2xlPC3GK"
21600357,"o8rJqenD"
21600358,"WOVTKr33"
21600359,"lN6PXH90"
21600360,"glah4ZvF"
21600361,"zQRUfcwK"
21600362,"ii6VAn0P"
21600363,"Utv0vnPk"
21600364,"rgCroAIG"
21600365,"6ZQLPvZY"
21600366,"lOJ3xb9z"
21600367,"ilOX8KZ7"
21600368,"QX17R6Wo"
21600369,"4SXYExpK"
21600370,"Zd0qeSZw"
21600371,"ML4KcF7y"
21600372,"WHkXWbSo"
21600373,"rDO9kZt4"
21600374,"zX5r4tlA"
21600375,"VXghEbYA"
21600376,"oxcuLBlt"
21600377,"cs1euPIt"
21600378,"ManVRcvq"
21600379,"EAfvt8s4"
21600380,"6MJcUbPS"
21600381,"6Dzo8kiQ"
21600382,"SgYM4jWi"
21600383,"mV3UcsPj"
21600384,"9WmdiFLF"
21600385,"fuuPnQVQ"
21600386,"3ZwaeU17"
21600387,"6YEY8RhF"
21600388,"IdRhQMYr"
21600389,"WyMZdDnz"
21600390,"6optgMej"
21600391,"5AWeAD8h"
21600392,"h012WfCI"
21600393,"mLQU0g52"
21600394,"PxL9uTtA"
21600395,"GCorrNnx"
21600396,"rqbMIk6x"
21600397,"CAaWVu82"
21600398,"6Esb0mKx"
21600399,"qsa8oIux"
21600400,"SZPbc7n9"
21600401,"FEz9rStu"
21600402,"BWuoyvfb"
21600403,"sPLFPbPb"
21600404,"9aMkczKq"
21600405,"4WutZzuO"
21600406,"TcjZGI6O"
21600407,"rbvYLTl2"
21600408,"ga8wyiK1"
21600409,"GOo5ZNNd"
21600410,"Sv030Bbw"
21600411,"1u2Ibdel"
21600412,"jHhZOhiD"
21600413,"8ks9Z7gi"
21600414,"MnYCau5l"
21600415,"4jjLVo0j"
21600416,"GsU3CNDf"
21600417,"Ey4yvRb6"
21600418,"ES1WE5ck"
21600419,"h4iNMwQl"
21600420,"RRaXYuev"
21600421,"1TzRMLVH"
21600422,"VvdoQQJc"
21600423,"QgjVIhYK"
21600424,"VEFVUsha"
21600425,"cxifMNSl"
21600426,"udztRUoW"
21600427,"3LWTw6CO"
21600428,"fKBGHzys"
21600429,"mmViixWA"
21600430,"Nc0ulxke"
21600431,"0chbcZga"
21600432,"FCUTpWAH"
21600433,"lCfO4xet"
21600434,"J3j6NAM1"
21600435,"xw92FHyQ"
21600436,"Ws20weeG"
21600437,"cPHmC1xv"
21600438,"z7M9n6n2"
21600439,"FJU5mEo0"
21600440,"Krsl5qaM"
21600441,"kljdOWRT"
21600442,"X29Chdx6"
21600443,"UEIXgIBk"
21600444,"3Vc1agzc"
21600445,"7qfB7Zu1"
21600446,"PYd6Dff6"
21600447,"VTDd9WhH"
21600448,"kCo3m95b"
21600449,"7cuWceCt"
21600450,"NnVZntVR"
21600451,"Ff2NgALk"
21600452,"0MHA49kY"
21600453,"7iSCfDQv"
21600454,"VfMGLpII"
21600455,"lAJ2xT9O"
21600456,"SBe1X2aW"
21600457,"xy5C5SOW"
21600458,"5dzKUh2a"
21600459,"SxcbGBL1"
21600460,"WVtY08uR"
21600461,"kpY8aOSZ"
21600462,"HUnY1wm4"
21600463,"uYZGV7yv"
21600464,"uXm4HytA"
21600465,"mZhLfAfU"
21600466,"wUNxdCIM"
21600467,"T18xqfEV"
21600468,"BkIkAws7"
21600469,"ukktOjsg"
21600470,"O4AYGxU3"
21600471,"H4ZzG25x"
21600472,"x452iskN"
21600473,"sNoUB6jX"
21600474,"zxwE2MrI"
21600475,"nTFh9MLc"
21600476,"orIkfwKK"
21600477,"tcsQYszu"
21600478,"1dFNgRJj"
21600479,"LaWcGiyL"
21600480,"FES55M2G"
21600481,"aRtAhEde"
21600482,"MU419VlA"
21600483,"yqEgk8nx"
21600484,"CsY8Lv9w"
21600485,"nBrhELjC"
21600486,"ZEVdnR4M"
21600487,"WOV6hds2"
21600488,"VcbtJm2t"
21600489,"4aWjHkoY"
21600490,"3geUTZqp"
21600491,"OpfjUoca"
21600492,"2yUBrrGB"
21600493,"rWzmit9J"
21600494,"LwWPJz8Q"
21600495,"zoBx9GgQ"
21600496,"Zl26NVo3"
21600497,"bx96MzJr"
21600498,"aPlS37nL"
21600499,"6bLWlTP6"
21600500,"MMV6mtR1"
21600501,"7iAObFlV"
21600502,"IMzXLAoE"
21600503,"ZHxy6XYG"
21600504,"cEPWeFRQ"
21600505,"9M1Ggvfd"
21600506,"9S8mbJr4"
21600507,"2lm7JGY8"
21600508,"aAMUMjBo"
21600509,"xsvnm0Ey"
21600510,"QCL623KB"
21600511,"LzyO3h9S"
21600512,"KTtcDUPq"
21600513,"ztAfaI2m"
21600514,"VSw14IgH"
21600515,"KktDGt9f"
21600516,"KImW8Lvm"
21600517,"gaISB7nT"
21600518,"0uuLl6Cj"
21600519,"HPeihcCk"
21600520,"7CRFqtgU"
21600521,"JmqROo15"
21600522,"WayAbvhi"
21600523,"yXo0sxsq"
21600524,"hziSpHCx"
21600525,"RryGRr3T"
21600526,"Dgsm0Nv1"
21600527,"6hrg2p0L"
21600528,"yIREJdsM"
21600529,"R2b0NgOa"
21600530,"8iUtb0ew"
21600531,"6fmPDW7t"
21600532,"3ZwCJYuu"
21600533,"E03c1iXk"
21600534,"mTEbWt89"
21600535,"J7zM1bpj"
21600536,"d8C0mx8M"
21600537,"2xQxtndg"
21600538,"Zxhte9t7"
21600539,"Z71hP6bQ"
21600540,"Dh1cEhsg"
21600541,"RELqVUXl"
21600542,"9sL2xYUQ"
21600543,"EpClArOd"
21600544,"Ue4cVLqO"
21600545,"JNEKzlMH"
21600546,"25BLTgvj"
21600547,"QY8zrVZV"
21600548,"GUpl5A2B"
21600549,"I4EdhvzW"
21600550,"loO9iwkS"
21600551,"uH9Jz5SC"
21600552,"avV8Tmpu"
21600553,"YhRR269b"
21600554,"MtVbklx4"
21600555,"swEjiCW3"
21600556,"NXZV5cC5"
21600557,"FQKVCMwc"
21600558,"ezPPOd3v"
21600559,"3kSoassU"
21600560,"4fI09EJJ"
21600561,"UYZhehTg"
21600562,"vWbgv78P"
21600563,"YxqDoIyA"
21600564,"w5ODqr5q"
21600565,"p1hjKoYB"
21600566,"KHkB6rzG"
21600567,"J9A9Bnq0"
21600568,"kWQXVKLr"
21600569,"Ck41J4m9"
21600570,"4vA5s1Hb"
21600571,"wOWDB8G5"
21600572,"RsDXBKEG"
21600573,"vXDweTMJ"
21600574,"XVZNjlaC"
21600575,"EsDzZDJC"
21600576,"hLHw63lx"
21600577,"Ojaa30uD"
21600578,"1dVr6O3J"
21600579,"eYi9slxc"
21600580,"K38b1SIo"
21600581,"6Pvaq2wu"
21600582,"MmvNnnJZ"
21600583,"7hyT0S37"
21600584,"8Ead6AGv"
21600585,"wSDohvtW"
21600586,"Mj5seyPQ"
21600587,"iRpuQms4"
21600588,"q5I8u7iI"
21600589,"0jGBnCf8"
21600590,"7ruDIYrF"
21600591,"Pz9B4nBp"
21600592,"zjxqAARt"
21600593,"P8VHHnkE"
21600594,"OHVLSIMG"
21600595,"mwCHvpGE"
21600596,"dGU85zJy"
21600597,"fFCNUCtm"
21600598,"FPXi7iDD"
21600599,"Ek8HXie1"
21600600,"VXJ4IMtz"
21600601,"ldlUImvi"
21600602,"kIPjEYwt"
21600603,"Y3X3WUSe"
21600604,"LqAsGzAi"
21600605,"Q5eQcnYy"
21600606,"xN7jzIHF"
21600607,"ZkdpQdxu"
21600608,"DsamDjyO"
21600609,"OGh4n6yJ"
21600610,"LHE4xzUL"
21600611,"FAB7qr0s"
21600612,"3SCJQegn"
21600613,"oMUpSjKf"
21600614,"bisgsfPs"
21600615,"QEQdaY8z"
21600616,"kR8wVqs8"
21600617,"jxs1pJ2T"
21600618,"6lrqpVKS"
21600619,"zfdS1NwL"
21600620,"VedrFPTa"
21600621,"1Gisk7Sz"
21600622,"DD1PeIiA"
21600623,"NgBR26sC"
21600624,"d3wosNzK"
21600625,"hQuRrCj6"
21600626,"YF10gx35"
21600627,"oFD04Mdr"
21600628,"F5jB5eAZ"
21600629,"4G3Vm0zB"
21600630,"H999fDWE"
21600631,"YPfuERk8"
21600632,"hDpwLIiI"
21600633,"EIGtfi9Y"
21600634,"PcmSU57e"
21600635,"Jewhhkoh"
21600636,"BAzR11Ql"
21600637,"DmjVPQWV"
21600638,"bL1fAfaE"
21600639,"W8ayhl9w"
21600640,"yNOyg3ga"
21600641,"xg3J1cnr"
21600642,"XsMua2y4"
21600643,"5glJ9A8N"
21600644,"7ZndP3QQ"
21600645,"SH3j3gnc"
21600646,"6VSW4EQK"
21600647,"z6yGbVab"
21600648,"S1jWkgSq"
21600649,"VSbaHDl5"
21600650,"sOx1iJQ6"
21600651,"0xCPR3do"
21600652,"Vkk001Jg"
21600653,"OrGrYqhQ"
21600654,"8yHGs3Bq"
21600655,"bQQFBxCy"
21600656,"8TbXhmqv"
21600657,"hnCtKvl3"
21600658,"REZQc7Yi"
21600659,"jlmVlctV"
21600660,"cL5JOOw2"
21600661,"YuI3iZMv"
21600662,"6yNmnrry"
21600663,"DOolWT8Q"
21600664,"uPhSjJ7Q"
21600665,"RRBCBq4b"
21600666,"Uv0r3crx"
21600667,"qOjVrmzi"
21600668,"bq7V3RVU"
21600669,"vOF4SsRx"
21600670,"9QLVj6PA"
21600671,"VXLGm3m9"
21600672,"7ueB5eIB"
21600673,"LHdKGnTS"
21600674,"fTIeh5qi"
21600675,"ntV1IUBh"
21600676,"JvkuTNu5"
21600677,"eDlNmqH2"
21600678,"WAizGeKL"
21600679,"Y9rZLMkb"
21600680,"S8mzonBe"
21600681,"Fgsl9MOq"
21600682,"hvp0QDIn"
21600683,"UlwXCq0X"
21600684,"VbnaUAfY"
21600685,"S9wHq9lP"
21600686,"YceTHMWM"
21600687,"KzU19TxW"
21600688,"FxWU6TKZ"
21600689,"8sCH4IZZ"
21600690,"4sg5m1EB"
21600691,"y6rF9EmO"
21600692,"A81EMwUu"
21600693,"XAD5puEy"
21600694,"9J0tYJAz"
21600695,"Xy2s46Fe"
21600696,"cTI9z0Rk"
21600697,"ZworgqCL"
21600698,"3P9lfWTV"
21600699,"xebVdtjG"
21600700,"ZzOX81yT"
21600701,"6mhR3Hr2"
21600702,"FGs4m32m"
21600703,"HLS15JuP"
21600704,"YBYdZZYU"
21600705,"KkhcTBXQ"
21600706,"xHd15oVk"
21600707,"IRvWieu9"
21600708,"aot1Nnps"
21600709,"gvIqGxKg"
21600710,"5cE5pbzH"
21600711,"TJhmw4Pc"
21600712,"bXqEsBmR"
21600713,"TF61jeHU"
21600714,"vnzFj2bX"
21600715,"fTm2eLqX"
21600716,"XjiGD9s5"
21600717,"E4Ttv4e5"
21600718,"noKWJqJm"
21600719,"YFPpiuwz"
21600720,"YPR1qtGu"
21600721,"gD6DbvA5"
21600722,"NFbmLuRm"
21600723,"CNzgOAwo"
21600724,"MKnOOXkQ"
21600725,"KwxcpC9s"
21600726,"oInjkTfi"
21600727,"OKqiWb8t"
21600728,"pq7CrRWN"
21600729,"WHgFRzKy"
21600730,"mlMWCEZx"
21600731,"nwYTjSJS"
21600732,"TN4SIhX0"
21600733,"gKcLWHGs"
21600734,"v75aITHV"
21600735,"BIpopOcZ"
21600736,"eVM6Ss1N"
21600737,"iY5P04U9"
21600738,"grGiW4Vd"
21600739,"j6V8mZJ5"
21600740,"V89bB87D"
21600741,"tdMqqGT9"
21600742,"bn77k9Fp"
21600743,"BLpNERqq"
21600744,"HNZV3Pu8"
21600745,"XfX8V2Bo"
21600746,"o5n6hyXa"
21600747,"qcT7Vltt"
21600748,"A9OCiT61"
21600749,"Gk8EVHlb"
21600750,"qt6tNy3K"
21600751,"zxaMrg2X"
21600752,"Vu8A24Bf"
21600753,"TxTjGlW4"
21600754,"qQER0UcO"
21600755,"RXu4QVMw"
21600756,"Qv5xR46e"
21600757,"yWga1kMS"
21600758,"8HPqlR7z"
21600759,"wF8JetY3"
21600760,"oKWX0wLT"
21600761,"nXEvZghU"
21600762,"d0juseOF"
21600763,"ijjJMpkz"
21600764,"yqKH3NCk"
21600765,"KrEVZVW5"
21600766,"s4ymC5p7"
21600767,"6tb38w30"
21600768,"NDCmGchj"
21600769,"sXB5uTGp"
21600770,"EjhPwTGt"
21600771,"dcYr2xWX"
21600772,"3F1j3bLI"
21600773,"UYp4xhI2"
21600774,"9hoyEVNV"
21600775,"mHLQdl1C"
21600776,"HXPs1BBq"
21600777,"3m1f6txJ"
21600778,"eA6kgdVu"
21600779,"dLiWPCxF"
21600780,"qjpkEMRn"
21600781,"5nhYUNOv"
21600782,"zCkI8D2O"
21600783,"tADX2lAG"
21600784,"JcHCRWJT"
21600785,"3ROG0ABN"
21600786,"YLtJZK23"
21600787,"Rv4kEH3l"
21600788,"sW91AKmi"
21600789,"64k0hsoA"
21600790,"7a5neSIU"
21600791,"dP60io8V"
21600792,"LQZd1Oqy"
21600793,"knMbDUBW"
21600794,"K7QHJAiu"
21600795,"0kWo1qCk"
21600796,"hkMyHVM1"
21600797,"pTu3lAPk"
21600798,"wQIvRfUf"
21600799,"gz9K9FtR"
21600800,"uSoMlcb3"
21600801,"h6DL1WSD"
21600802,"mERWWTBB"
